sample_id,raw_label,clean_label,class_id
0,0256aa0ac353680c35899c806079337fGliese_163_c,gliese_163_c,3
1,8b690fa7cf57d4f2dba2230b7a078060HD_216520_c,hd_216520_c,5
2,89858af590772f62e7b729f6dd558e95K2-332b,k2-332b,9
3,77b81c8a435f6ab91b56d0d40126411eK2-155d,k2-155d,7
4,a95c8b942a44944275dcb2eb114d02eaKepler-174d,kepler-174d,12
5,a95c8b942a44944275dcb2eb114d02eaKepler-174d,kepler-174d,12
6,eb3ffba8e17463a683cd31858c81871eKepler-186f,kepler-186f,13
7,9287a5d81720739e61fbf4f54044471dKepler-174d,kepler-174d,12
8,122c533fdd747e882420cb038afc6cebKepler-62f,kepler-62f,19
9,6d40148b6d1c25e4ad0f27b3a7cbf8abHIP_38594_b,hip_38594_b,6
10,fbf466dd1307886f4a33c78ce8cc26eeKepler-22b,kepler-22b,14
11,46dd001807c376bd3362e4bd9a355c6eHD_216520_c,hd_216520_c,5
12,64f0e2b341c73e9e954e54af42e31318HD_20794_d,hd_20794_d,4
13,726e4368ab2f049268c59a4219288942Gliese_12_b,gliese_12_b,2
14,ff7c87f7451ae9d7c893809bfe2f3629K2-332b,k2-332b,9
15,5d938326ebab4f7be080f58287e7ee33Kepler-296f,kepler-296f,17
16,e12e598202c27c1e2ffbd0512b5564abHD_20794_d,hd_20794_d,4
17,aea3b3338be773934f3beab1cf0d1d9eKepler-296e,kepler-296e,16
18,a2e0c1a1714e09e0694681b63d5247c9HIP_38594_b,hip_38594_b,6
19,faf37849af2663576a4ac0d569854a9dKepler-174d,kepler-174d,12
20,86e68299bbb5eb9616472300f2a0522eKepler-22b,kepler-22b,14
21,34dec8ebe0b44ab157f95bee7bfd0859K2-155d,k2-155d,7
22,d1f7d396f2c288e7455d1ce5634fdb9cK2-72e,k2-72e,10
23,6b408773cfa0dae4373ed2801a957189Kepler-62e,kepler-62e,18
24,6d9dafeb9b9b4d3e634c706c38e3d847K2-332b,k2-332b,9
25,6f8016ca4c2f316d03ca61a40b6a9b09HIP_38594_b,hip_38594_b,6
26,b5f6b0051431de81d403ae049ec9e1c2Kepler-155c,kepler-155c,11
27,b7b4c1f13ba7ef6df9218e3510d038b3HD_216520_c,hd_216520_c,5
28,4b5654bad25d055fe3ad34da52e0190fKepler-62e,kepler-62e,18
29,be33616f2cc5ee43d885a6114491bceeGliese_163_c,gliese_163_c,3
30,8b3609393703e3987a04573c15de38c3K2-332b,k2-332b,9
31,9fbaca3a7e54c64bab3b112f6bbc8fcfKepler-186f,kepler-186f,13
32,4fccc42cdad0e141a4681719b5fb1df5Gliese_12_b,gliese_12_b,2
33,48231cccf12573074dc8f417a52bdc96Kepler-186f,kepler-186f,13
34,db049c94bb08630300040d44b0d1cc73Kepler-296e,kepler-296e,16
35,6419123390139820f4a223c9443cc6aeGliese_,gliese,1
36,d274baed7449f32e458166fbc43e53e2K2-72e,k2-72e,10
37,16a5a30425370541452b9b4a5fadaab2Kepler-62f,kepler-62f,19
38,bf93b9379e65243b9fec13f042f8b77bGliese_163_c,gliese_163_c,3
39,593f590163fa2b4b0c03debb6f119145HD_216520_c,hd_216520_c,5
40,d3019769ae03e0f4fbdb172d7dace91fKepler-296f,kepler-296f,17
41,d3019769ae03e0f4fbdb172d7dace91fKepler-296f,kepler-296f,17
42,821c0e5be69f18532ab89b41850528bfKepler-62f,kepler-62f,19
43,45eeec79c1c27c022f996d7ba36fbe19Kepler-155c,kepler-155c,11
44,98bf69ff69670d0400bcfa43668c827dK2-288Bb,k2-288bb,8
45,590ba8b02b699fcaef6fcf39a78f57cdKepler-296f,kepler-296f,17
46,9f0d390c40b6b5f6735ccc0fcf715effKepler-174d,kepler-174d,12
47,a2e0c1a1714e09e0694681b63d5247c9HIP_38594_b,hip_38594_b,6
48,dd0cc9bacae6f7c88d969418715e5199Kepler-62e,kepler-62e,18
49,60e9a4cabe9539b015e0e65c6be27024Kepler-296e,kepler-296e,16
50,d7e7eb1f2cc0d33eb37c794e52088af9Gliese_163_c,gliese_163_c,3
51,7b35430588867567556b46b1d7abe8b555_Cancri_Bc,55_cancri_bc,0
52,d79595e0d368ab5197e4a2a584880a84HD_20794_d,hd_20794_d,4
53,d4a9a234aec73bdf5b8084440db22617K2-155d,k2-155d,7
54,c6e20203f728edad3c65fce47824ed67HD_20794_d,hd_20794_d,4
55,f73016d35bb33642e10cbd21ddfce23355_Cancri_Bc,55_cancri_bc,0
56,dbe1acea9210654534b874c05d61bc27HIP_38594_b,hip_38594_b,6
57,e6190b382eaf53eda8ef6cd641baf7ccK2-332b,k2-332b,9
58,33b43e637c2973c5abdb7516b05faf7cKepler-155c,kepler-155c,11
59,e6190b382eaf53eda8ef6cd641baf7ccK2-332b,k2-332b,9
60,369512384a21a0e61e22d1123ab9c767Gliese_,gliese,1
61,d5490ac56acdc691c4107c30137f8cd4Kepler-186f,kepler-186f,13
62,6eb6ffcb58520af53362237b7594d5feKepler-296f,kepler-296f,17
63,c94b76d8467dba2837d9ccc4e8811066K2-155d,k2-155d,7
64,98af992793fb030d2552b10e065221f1Kepler-62f,kepler-62f,19
65,3c8c7030757b58d1369d56dc3f6c7a7fKepler-155c,kepler-155c,11
66,2200d5b091f0b6e917392a78d7f4713aKepler-186f,kepler-186f,13
67,50c056ceb75de4c1065ed94124f2e2cbHIP_38594_b,hip_38594_b,6
68,8e8764cf1b108ff3512707af53cb07c9HIP_38594_b,hip_38594_b,6
69,9fd57d3b44b4091886364d55a50645c8Gliese_12_b,gliese_12_b,2
70,f167682b8130dbff1bccba66c49a5115Gliese_12_b,gliese_12_b,2
71,24be9334cedaecd76e6e648b4c4edb70Kepler-296e,kepler-296e,16
72,1113d8f685e6242275b8fbe63bdc9954K2-72e,k2-72e,10
73,9d04c7c7b7e1b05a0d0ad779137427e3HD_20794_d,hd_20794_d,4
74,8afca7ed32fb2c8c09bcc523f02644c355_Cancri_Bc,55_cancri_bc,0
75,770d38bb798064a5c6f1acf3939c0a73K2-155d,k2-155d,7
76,a17b5b2da7b4e3cbd4e2f1bd0bbf5bb8HD_20794_d,hd_20794_d,4
77,16d2a4d4ff1d33f28b30392080fa8f3d55_Cancri_Bc,55_cancri_bc,0
78,d57267868ecfe381063c76a6caf25f4555_Cancri_Bc,55_cancri_bc,0
79,6039da636b39987af45d074c03bad584Gliese_,gliese,1
80,1bb2a60fbef879ca187ba4772ddf3436K2-332b,k2-332b,9
81,bec4d16498bf58910deadc08ee4f1940K2-72e,k2-72e,10
82,bf64dc98cd565b9977245adc8590a7c4HIP_38594_b,hip_38594_b,6
83,a703e5adff2125bb765b43b8c9450bb2Kepler-174d,kepler-174d,12
84,b457cd84be3693ae3c8dd12fce33c01155_Cancri_Bc,55_cancri_bc,0
85,df96726307101620d1f0094cb38a5f8fKepler-62e,kepler-62e,18
86,016f1d72daeda4230e545f773d3cb20dKepler-296e,kepler-296e,16
87,869b13a4c434840737578877b09ccd2aKepler-62f,kepler-62f,19
88,869b13a4c434840737578877b09ccd2aKepler-62f,kepler-62f,19
89,9f1c159ff131f6705d31154447095b9bK2-288Bb,k2-288bb,8
90,c7bb887e307b26b4409096c034df4eacGliese_,gliese,1
91,3d3676316db11a9166857e9ea936acfe55_Cancri_Bc,55_cancri_bc,0
92,6d9dafeb9b9b4d3e634c706c38e3d847K2-332b,k2-332b,9
93,425339c71eb641891a5587fea148a34355_Cancri_Bc,55_cancri_bc,0
94,9a82a2e84a4f659a22db43e1991588c0Gliese_12_b,gliese_12_b,2
95,7d50858b59510e1ad731a1955020d38aGliese_,gliese,1
96,6a6831e9e81aa0f98f1286add3d85ef6Kepler-22b,kepler-22b,14
97,3460f9ac7ca3a3e6e681d137b2cea0caKepler-62e,kepler-62e,18
98,565d0dbd2c5511e6e9d3cedc3b9e9b27Kepler-186f,kepler-186f,13
99,74eebccd5f8fc80fc48187a1c352a950HD_20794_d,hd_20794_d,4
100,81197fde78a8a16fc2962f3967272b92Gliese_12_b,gliese_12_b,2
101,b2e4d4b06b09aed3168fe13908ac64e5K2-155d,k2-155d,7
102,3cff41255a0e0753efb5e55380ee3565Gliese_,gliese,1
103,fcef4fe4c0223af13095d81b0517d3c5Kepler-296f,kepler-296f,17
104,30f0bc95f2d2f474923486ac764e0627Gliese_163_c,gliese_163_c,3
105,30f0bc95f2d2f474923486ac764e0627Gliese_163_c,gliese_163_c,3
106,d57267868ecfe381063c76a6caf25f4555_Cancri_Bc,55_cancri_bc,0
107,b2d10d1469bea10cfce5bb20c67d8e16Gliese_12_b,gliese_12_b,2
108,6118af15090957c5b9a7e20f7c02e224Gliese_12_b,gliese_12_b,2
109,3baf5cf7859933cdbb97b6094bd6e383Kepler-22b,kepler-22b,14
110,ef703cd715afd53558ccb64f17f997f9K2-332b,k2-332b,9
111,a992a35ddff7b5bfa60c69088e89a777K2-288Bb,k2-288bb,8
112,d3019769ae03e0f4fbdb172d7dace91fKepler-296f,kepler-296f,17
113,0887ce5e629dceea270230beca7c6373Kepler-62e,kepler-62e,18
114,f2fcc51092f607f1e09ac58361d12817Kepler-174d,kepler-174d,12
115,128b4253f79b86da103429607372944eHIP_38594_b,hip_38594_b,6
116,9476613fbcff11c2d9160417cf3602abKepler-174d,kepler-174d,12
117,8b3609393703e3987a04573c15de38c3K2-332b,k2-332b,9
118,7d8118bbde2df1d08c25d79d6d91b4eeKepler-296f,kepler-296f,17
119,e12e598202c27c1e2ffbd0512b5564abHD_20794_d,hd_20794_d,4
120,0f194752ba6e233fe4aaef2b8bfa0c36Gliese_12_b,gliese_12_b,2
121,a1d2624e3dc4584d228ad0ad05da8550Kepler-155c,kepler-155c,11
122,c9cf5c949a8993c5b0b666e6e260ec25HD_20794_d,hd_20794_d,4
123,4b73216e3cbb1c90f8f48e86cdc69c32K2-72e,k2-72e,10
124,72a495c18bfe6f2990573fc3574afa5cGliese_12_b,gliese_12_b,2
125,c5ba95a2b225d2a4a59ade0b6bfca6b555_Cancri_Bc,55_cancri_bc,0
126,405f3688b8f7d9135e384ccf7d21139eK2-332b,k2-332b,9
127,4cc5b6ecf115d93c6e4d75ffcea9ab7eK2-288Bb,k2-288bb,8
128,c8d32bad7024033599eb6b55982ff47355_Cancri_Bc,55_cancri_bc,0
129,c56608625c9b7304c5e26c64142acb16K2-155d,k2-155d,7
130,c5ba95a2b225d2a4a59ade0b6bfca6b555_Cancri_Bc,55_cancri_bc,0
131,128aec36cb7f5a2e26f9d8da58dca7acGliese_163_c,gliese_163_c,3
132,a2e0c1a1714e09e0694681b63d5247c9HIP_38594_b,hip_38594_b,6
133,50635d99246ea9b89e12a4f1b8f8e90bK2-332b,k2-332b,9
134,274f7c3f11c5081562e19b382c689924Gliese_163_c,gliese_163_c,3
135,985eccd4c5c9f0609cc7362209ad348eK2-288Bb,k2-288bb,8
136,8fb3077444bc1b6765ebc0002ca68190K2-288Bb,k2-288bb,8
137,aee523c00abdcb88edc2dc2f8eac025bGliese_163_c,gliese_163_c,3
138,2d3d78f4b8b35acce968bc3bc71c75f6Kepler-296f,kepler-296f,17
139,2cde5e22e43952daf819465669827cc7K2-155d,k2-155d,7
140,30d6884a86128f936f3b7c9c8e4164beK2-72e,k2-72e,10
141,84231d210e70bda5d6c6dd72bd321713HD_216520_c,hd_216520_c,5
142,592b320e4c49aea2d8b5260778f394f6Gliese_12_b,gliese_12_b,2
143,4b73216e3cbb1c90f8f48e86cdc69c32K2-72e,k2-72e,10
144,704abca9fd675f38da415d8c1ea2b9d5Kepler-296f,kepler-296f,17
145,bbd06aef13262d27a9df410b2df6f0a5K2-288Bb,k2-288bb,8
146,0406dfead336e3fd872850700267646bKepler-296e,kepler-296e,16
147,74c0d5d507acd01a15da9ffe1e8942e5HD_20794_d,hd_20794_d,4
148,721567715f668c6eadd0192b85a77875Kepler-62f,kepler-62f,19
149,cc1bc9a1904ccc1f77fc62b3a8b2b825Kepler-296e,kepler-296e,16
150,cd1faae9f181c0c7be374353f59d048cHD_20794_d,hd_20794_d,4
151,2d33656903f47ccdd0381f569e2bcd64K2-155d,k2-155d,7
152,3701be07fb46e2b686ef3ef8e19ec77aKepler-62f,kepler-62f,19
153,8863b9f15fe21493bc1129037328f923Kepler-174d,kepler-174d,12
154,7125a188f431534c10955cfe2e5a177aK2-332b,k2-332b,9
155,7bd51594d85f92a09580d88da68ef403Kepler-62e,kepler-62e,18
156,e79d8b5a7e11ea8ee4e8765fead1165cGliese_12_b,gliese_12_b,2
157,ff7c87f7451ae9d7c893809bfe2f3629K2-332b,k2-332b,9
158,a27f1a9fb527d4f4dca9ec6f2ec08ca5K2-288Bb,k2-288bb,8
159,8a120dd7685542030e3b370dce4ac784Kepler-283c,kepler-283c,15
160,38464da8597beaa32ecf67524c7e5508Gliese_,gliese,1
161,6830ac4a14b394d501520f60c0e6f81dKepler-186f,kepler-186f,13
162,c8939de2159f470269308fcfdc1b10eeKepler-174d,kepler-174d,12
163,3bdd8b88e71fd82650d62860877e7c22Kepler-62f,kepler-62f,19
164,a3c1ab9b41ee1198564ef642e19d163655_Cancri_Bc,55_cancri_bc,0
165,d4b6aef97878c3777d42572fadd55fd6Gliese_,gliese,1
166,363e4758aa63e33893fbbc5a14fa3380K2-288Bb,k2-288bb,8
167,8f1c7326dbe2153d58a2c39dc2c61d4cHD_216520_c,hd_216520_c,5
168,6039da636b39987af45d074c03bad584Gliese_,gliese,1
169,1e1348aa3052dca73eb1a11c60a24ef5Kepler-62e,kepler-62e,18
170,9d017b4293bf88fcaade2cc9973a607bHD_20794_d,hd_20794_d,4
171,b8ceaee7b9331c5c9d905e012b60b5db55_Cancri_Bc,55_cancri_bc,0
172,64eb2ada114ef3b572ed829d149cd01cKepler-155c,kepler-155c,11
173,f51f2223c8347e5675f4b4079d1bd92fK2-332b,k2-332b,9
174,ddb570c6f6691a575d66f8c9b0c274dfKepler-296f,kepler-296f,17
175,a3cce65184a8e04157f56971c776cdf5K2-288Bb,k2-288bb,8
176,28f0516c48718f31a1e8933657603d39K2-332b,k2-332b,9
177,b4c330a8e670df4fa58c97eb65018b7aKepler-22b,kepler-22b,14
178,568bc245b81d56330b606c4e419e1e50Kepler-283c,kepler-283c,15
179,324c57d81dc6bc608b838be418379a79Kepler-186f,kepler-186f,13
180,ca5b9ac5e5e0def77792d0dd6b1991c3Kepler-296e,kepler-296e,16
181,f1c89d75ba659bca84eb0cd16d41da60Kepler-174d,kepler-174d,12
182,ef703cd715afd53558ccb64f17f997f9K2-332b,k2-332b,9
183,2b71a1e9daf5e2d9e14456fe048d7945Gliese_163_c,gliese_163_c,3
184,ddb570c6f6691a575d66f8c9b0c274dfKepler-296f,kepler-296f,17
185,2524c17697e5f323cd421b646585076dKepler-62e,kepler-62e,18
186,38464da8597beaa32ecf67524c7e5508Gliese_,gliese,1
187,63285c29a66afa1b8e34ae5672d0ffb4HD_216520_c,hd_216520_c,5
188,20a0585df26a78f20cb9c01b5517d829Kepler-174d,kepler-174d,12
189,6f3320ba5b686f6fe908a037d7106a66Kepler-174d,kepler-174d,12
190,5cc160c62aeae571284f60405272ccd555_Cancri_Bc,55_cancri_bc,0
191,f79eaf21b5d44c0e38245c801b41cdf5Kepler-296f,kepler-296f,17
192,03036fb9fad349725a9d0dd913b85215Kepler-174d,kepler-174d,12
193,ed5130ff415bec7e86a392d3e51f803eK2-288Bb,k2-288bb,8
194,bcea58bc3fc2bb6d659297b3f22341acKepler-186f,kepler-186f,13
195,bfaa1d0572363bb9678441a71f25382eKepler-62e,kepler-62e,18
196,900531e95cd776f5d599299e7826bbdcKepler-155c,kepler-155c,11
197,daf6aa426d1052ccd1dae59c71772bffGliese_12_b,gliese_12_b,2
198,6faf61feecf7696fc2bfbb3a0ea0cdd7K2-332b,k2-332b,9
199,a0d7c58e0cb416ec9d8e212b691289b5Kepler-296f,kepler-296f,17
200,6faf61feecf7696fc2bfbb3a0ea0cdd7K2-332b,k2-332b,9
201,f96099bc1bda3704fd3cbe5b06691721K2-288Bb,k2-288bb,8
202,6faf61feecf7696fc2bfbb3a0ea0cdd7K2-332b,k2-332b,9
203,3b743599e7de7723604ba293391c1270HD_216520_c,hd_216520_c,5
204,79f29634b033508bc63906c1c6ab406b55_Cancri_Bc,55_cancri_bc,0
205,edeacf65a16fa40cbff778f7e3e112e1Kepler-283c,kepler-283c,15
206,a12a1fa14fd011c734787c729f278244Gliese_163_c,gliese_163_c,3
207,18d258705bd6a1f262d766b384a2ea4aK2-288Bb,k2-288bb,8
208,3160d532c1611ed4f138bf7776786755Gliese_,gliese,1
209,6f8016ca4c2f316d03ca61a40b6a9b09HIP_38594_b,hip_38594_b,6
210,206f434c095c0c4756e83c6861f0c402Kepler-22b,kepler-22b,14
211,5437526b7cdfeb8d4aad9ff55a175c19K2-72e,k2-72e,10
212,d3605ce89f49df8ac071f41ff0a68888Kepler-155c,kepler-155c,11
213,b4c330a8e670df4fa58c97eb65018b7aKepler-22b,kepler-22b,14
214,8e59c5aabcc7ea960df66beaae1949c8Kepler-186f,kepler-186f,13
215,b5f6b0051431de81d403ae049ec9e1c2Kepler-155c,kepler-155c,11
216,b5a82d181c2f6b6d19645cefc5471414K2-332b,k2-332b,9
217,a8f563835dc8d016560fe66f550011afHD_216520_c,hd_216520_c,5
218,89dd3607309933738db04b11268b93fbHD_216520_c,hd_216520_c,5
219,863c2582da91bfb6e4c0b2d2e7341aceK2-72e,k2-72e,10
220,8874da051ea79426687c84577d7d2708Kepler-296e,kepler-296e,16
221,fc8cebbc0760634c265d26a7f167c556HD_216520_c,hd_216520_c,5
222,aee1c46d225f8ae6d851e6ea31230b41Gliese_,gliese,1
223,88152327590188197e2d713f18f551c6Kepler-186f,kepler-186f,13
224,ff7454152c93f866b417b7793ce42807K2-288Bb,k2-288bb,8
225,9a4284da0ee1a7ca2b0f6a4bab057d8aKepler-62e,kepler-62e,18
226,8fb3077444bc1b6765ebc0002ca68190K2-288Bb,k2-288bb,8
227,b4ca3f1608f31b10b70e10b2604e47c7K2-72e,k2-72e,10
228,0fd6d1a7c1e918517c99e807a2476907K2-288Bb,k2-288bb,8
229,30e4b9db1249aebd91dcdf9bdd38758dHD_216520_c,hd_216520_c,5
230,862c837c16bbe62f4998f2150dd08f55Kepler-186f,kepler-186f,13
231,3ea1cf8f60e085db17e55f1fb5b2fd5aKepler-296f,kepler-296f,17
232,7d3611500b59a0c66327a1daa8a85c97Kepler-174d,kepler-174d,12
233,cb11c3a91d5bd74ab4fea2b53b195e01Kepler-22b,kepler-22b,14
234,485754d106ced8b914c66882f9d9492eGliese_,gliese,1
235,b8ceaee7b9331c5c9d905e012b60b5db55_Cancri_Bc,55_cancri_bc,0
236,3f98928f8f7565a919d01748e7e919b3HIP_38594_b,hip_38594_b,6
237,3f98928f8f7565a919d01748e7e919b3HIP_38594_b,hip_38594_b,6
238,d3bc2ff5a7644367f1761d8f899bd5fd55_Cancri_Bc,55_cancri_bc,0
239,7370813f1a591d658b3e47ac249c6adeGliese_,gliese,1
240,9476613fbcff11c2d9160417cf3602abKepler-174d,kepler-174d,12
241,f50ec3805c8a8e66ccfd521c5ce6e69dHIP_38594_b,hip_38594_b,6
242,9f2bc7c02b0932bf5e7386b000226921HD_20794_d,hd_20794_d,4
243,8afca7ed32fb2c8c09bcc523f02644c355_Cancri_Bc,55_cancri_bc,0
244,e1f1274db31efdba2589da80b98505b5K2-72e,k2-72e,10
245,2d33656903f47ccdd0381f569e2bcd64K2-155d,k2-155d,7
246,16a5a30425370541452b9b4a5fadaab2Kepler-62f,kepler-62f,19
247,415f7d175fa306b655ee40e41e6df1adKepler-62e,kepler-62e,18
248,6db3e7f6d5b032e9adb47ba1d83f4d24Kepler-62e,kepler-62e,18
249,565d0dbd2c5511e6e9d3cedc3b9e9b27Kepler-186f,kepler-186f,13
250,3b79815fce8b882a493f9545d1c22feeHIP_38594_b,hip_38594_b,6
251,e82ee4e44c6cd725a628ec4b7492b549Kepler-174d,kepler-174d,12
252,8f7f1978b0c638284df07f0eeed441acKepler-296e,kepler-296e,16
253,21ea125ed6a90ba830e3490ee55fdf70K2-332b,k2-332b,9
254,2fb8f8a1bcd733285abedaf27d468046K2-288Bb,k2-288bb,8
255,4ab7c7a41a647a027f97b5521483efcaKepler-186f,kepler-186f,13
256,0c14c20f103f366bfe3d399097b6f7dbKepler-296f,kepler-296f,17
257,8291d1ea490174b7c4a9cddbb23515a0Gliese_163_c,gliese_163_c,3
258,b78426a6c1e4b96e85f8f1547dd9df26HIP_38594_b,hip_38594_b,6
259,966875e7ae62b769ef4c4b42452a9b31HD_216520_c,hd_216520_c,5
260,b457cd84be3693ae3c8dd12fce33c01155_Cancri_Bc,55_cancri_bc,0
261,f98805ead9eec18f7e1481e237beb764Gliese_163_c,gliese_163_c,3
262,927f07673ea784b91608b24a34fca1b6Kepler-296e,kepler-296e,16
263,80c77a064dfc1cd9046ef2704eed2710Gliese_,gliese,1
264,bcc8ec94e3ea27a09db25769bac39e5aKepler-296e,kepler-296e,16
265,bb392163170854ff821a606372905180Kepler-22b,kepler-22b,14
266,3a8030d5078acdc77d5c5ffafd718387Kepler-186f,kepler-186f,13
267,565d0dbd2c5511e6e9d3cedc3b9e9b27Kepler-186f,kepler-186f,13
268,dcb64e2127a7072c5a3353a2758512daKepler-62f,kepler-62f,19
269,4a873ed395305573e843c57115233884K2-72e,k2-72e,10
270,e5b43534a77a89ad3b3303b7fafab8ffKepler-296f,kepler-296f,17
271,8863b9f15fe21493bc1129037328f923Kepler-174d,kepler-174d,12
272,48231cccf12573074dc8f417a52bdc96Kepler-186f,kepler-186f,13
273,958b721715ea6e9d2249d4d911216747K2-72e,k2-72e,10
274,ea953701f9eee93e110c905d51024587Kepler-62e,kepler-62e,18
275,ca8519faf7a05ab3d5063e33b8771593HIP_38594_b,hip_38594_b,6
276,0cce57427eef7cc69fab9888216367f0K2-288Bb,k2-288bb,8
277,122c533fdd747e882420cb038afc6cebKepler-62f,kepler-62f,19
278,9a4926b7ef18d84e8c7c0f24b6a91555K2-332b,k2-332b,9
279,4f4a946e975da912cd921260b01a453cKepler-155c,kepler-155c,11
280,fcf91b245815d63e40193e6c35c975daGliese_163_c,gliese_163_c,3
281,50c2a2d3a347fe69f644fd59d1e5c4aaHIP_38594_b,hip_38594_b,6
282,862c837c16bbe62f4998f2150dd08f55Kepler-186f,kepler-186f,13
283,dec332496a0af98a77c6f495fadcce86HIP_38594_b,hip_38594_b,6
284,f27729d0b6e86fa292d0949126240c55Kepler-283c,kepler-283c,15
285,864ca036dfedec4cf7832cd484d683a0Kepler-62e,kepler-62e,18
286,c4eac3dd07bb1db7740047349914cf48HD_20794_d,hd_20794_d,4
287,fc33d287919531bfbf25d142e45c683bKepler-283c,kepler-283c,15
288,b100b3c5a58d2025d4d3fa3d98a1239eKepler-296f,kepler-296f,17
289,c2e9720e6598503dc0a3ad5429866a00Kepler-283c,kepler-283c,15
290,98c39bf5b199eec80c31aed9c5d74670K2-288Bb,k2-288bb,8
291,11cc9eaa4191387be26db039c1398e7dKepler-296e,kepler-296e,16
292,7b35430588867567556b46b1d7abe8b555_Cancri_Bc,55_cancri_bc,0
293,1b0d50251c2edf6404f3e8f6aa4191b4HD_216520_c,hd_216520_c,5
294,dc326638a15c52bcf7e925b6a18ada1e55_Cancri_Bc,55_cancri_bc,0
295,ff30daf3af2814781426e44f394b6a4bKepler-296f,kepler-296f,17
296,1b4ff7df54a4fdcb257e26b9e7836b19HD_216520_c,hd_216520_c,5
297,ff9020c342aaac0a010aa34da3474c8dKepler-62e,kepler-62e,18
298,99ef81b700895175387e236e90f43180Kepler-296f,kepler-296f,17
299,73b7146ecc1eb4b5515cde988e73887aKepler-296f,kepler-296f,17
300,5be6eb2622adb1b997ee7852a83cec64Gliese_,gliese,1
301,09d3a8db3d78a75dc11e58c8303c7649K2-288Bb,k2-288bb,8
302,4655e55dac03a59f4604d857384f6916Gliese_,gliese,1
303,661ab8be2fdaa95ce42269b063c52d8cKepler-62e,kepler-62e,18
304,721567715f668c6eadd0192b85a77875Kepler-62f,kepler-62f,19
305,770d38bb798064a5c6f1acf3939c0a73K2-155d,k2-155d,7
306,87eb4e35ef936ed2660a8b3dcb9cc5dfGliese_163_c,gliese_163_c,3
307,1c19e5c68be52ff5294051944ec27c2cHIP_38594_b,hip_38594_b,6
308,849c40b4f3a6740d7434e2aa34232845Kepler-62f,kepler-62f,19
309,4e8fab32d07e2cd4e9974fbc732c31fbKepler-62f,kepler-62f,19
310,9c3464092a4d5121bc0e3f7391412d35K2-155d,k2-155d,7
311,7f122dfed4c5001cf406598207e61d7cKepler-62f,kepler-62f,19
312,41fde841bf67ddd20fa92e53902998d5Kepler-155c,kepler-155c,11
313,57cfec1722e03543bc8c27c98f4ccd4eKepler-186f,kepler-186f,13
314,6eabd88d915229fe4cc17884d0ccef84HD_216520_c,hd_216520_c,5
315,9a82a2e84a4f659a22db43e1991588c0Gliese_12_b,gliese_12_b,2
316,58d79afc02ef99f978a764688ed3dc38Gliese_12_b,gliese_12_b,2
317,7b28f2f51540beacd927a16180f4698fKepler-186f,kepler-186f,13
318,7f86984e0c17a9f7864c9a7e566d8c17Kepler-155c,kepler-155c,11
319,96d6940ec5605929f35e19854be1c20eK2-155d,k2-155d,7
320,bff3ff3cc9af68edadeb612618b83c2fKepler-62f,kepler-62f,19
321,7442196956c542b816e27b93929d7170K2-332b,k2-332b,9
322,87eb4e35ef936ed2660a8b3dcb9cc5dfGliese_163_c,gliese_163_c,3
323,01111ee2175031d5e8309cb24a23c452Kepler-283c,kepler-283c,15
324,ee7783f40dbdd49fff0d5344d3efb42aGliese_12_b,gliese_12_b,2
325,3160d532c1611ed4f138bf7776786755Gliese_,gliese,1
326,f7a74592727f5ca86eee9de013fe9722Kepler-62f,kepler-62f,19
327,a9dc7394a4d839487c307aee0d1fd5d3K2-72e,k2-72e,10
328,4a7c30eb8c591525d304a2b2c3a14d1aHIP_38594_b,hip_38594_b,6
329,567e0f6b60e87f8ddef1637942d9d6acKepler-283c,kepler-283c,15
330,79f29634b033508bc63906c1c6ab406b55_Cancri_Bc,55_cancri_bc,0
331,f167682b8130dbff1bccba66c49a5115Gliese_12_b,gliese_12_b,2
332,24cbf209cf8e9516d589f954abcaa986K2-288Bb,k2-288bb,8
333,7f86984e0c17a9f7864c9a7e566d8c17Kepler-155c,kepler-155c,11
334,66abb376d494bbcc2e5b1b2b4035c0daHD_216520_c,hd_216520_c,5
335,642ad1639beca4edee23d42cba893d2fKepler-296f,kepler-296f,17
336,57e6a379e692fc9cde138894a552d6a4HD_20794_d,hd_20794_d,4
337,7125a188f431534c10955cfe2e5a177aK2-332b,k2-332b,9
338,409c09c4bcaa8550adbaf16accb97701Kepler-62e,kepler-62e,18
339,ef990842252f90d3cd9b49bf4324511cKepler-186f,kepler-186f,13
340,1f620b3d7d718c161b6a72c5ea4e25dbK2-155d,k2-155d,7
341,ad534a199fb8202776d59bd9666f86acK2-72e,k2-72e,10
342,1342bf9309f5a5502d6df29d9af2ef49HD_20794_d,hd_20794_d,4
343,cbcfd567cb8f0f70ef021558e1858dedKepler-62e,kepler-62e,18
344,affcb27e2f76f30bba36f05f1d256e9dK2-155d,k2-155d,7
345,4d6437b7303e3ef289f9d8bb40cb1429HD_216520_c,hd_216520_c,5
346,d4b6aef97878c3777d42572fadd55fd6Gliese_,gliese,1
347,363e4758aa63e33893fbbc5a14fa3380K2-288Bb,k2-288bb,8
348,6d2df08618abc2b88c439cd8abc57700Kepler-283c,kepler-283c,15
349,43b5c29b148b2998863991b6688cd51dKepler-186f,kepler-186f,13
350,c2e9720e6598503dc0a3ad5429866a00Kepler-283c,kepler-283c,15
351,4e1a61a3da0cc096dcc7178bad24ff1aKepler-283c,kepler-283c,15
352,227c93af5319db5ade658de6920eff08HIP_38594_b,hip_38594_b,6
353,e82ee4e44c6cd725a628ec4b7492b549Kepler-174d,kepler-174d,12
354,8874da051ea79426687c84577d7d2708Kepler-296e,kepler-296e,16
355,634a83abc402e3c8550b09a2e1e19e4fKepler-186f,kepler-186f,13
356,1342bf9309f5a5502d6df29d9af2ef49HD_20794_d,hd_20794_d,4
357,863c2582da91bfb6e4c0b2d2e7341aceK2-72e,k2-72e,10
358,ba60b41c535521411f70cba51d1fbd67Gliese_163_c,gliese_163_c,3
359,98af992793fb030d2552b10e065221f1Kepler-62f,kepler-62f,19
360,65ceeaf68ee58b21d35c4066bf9ee135Gliese_,gliese,1
361,c4eac3dd07bb1db7740047349914cf48HD_20794_d,hd_20794_d,4
362,f1bb0db60c8d01a535bafde3d1bbb3dd55_Cancri_Bc,55_cancri_bc,0
363,60808fc4983722fc897bdbdf63dd7bc7Gliese_12_b,gliese_12_b,2
364,c7c622cee9c4216725ad61afd6640548HIP_38594_b,hip_38594_b,6
365,eea42ede646c7bfe254578e4186a2db3Gliese_,gliese,1
366,0ce9a03c0fb5300a74c9de1c24c6835655_Cancri_Bc,55_cancri_bc,0
367,8d77a41740b3509cb489e080d11f5f1dK2-288Bb,k2-288bb,8
368,d274baed7449f32e458166fbc43e53e2K2-72e,k2-72e,10
369,25396a6b87916e49ca6623932536cf25Kepler-174d,kepler-174d,12
370,7287d0a052a6680baa4af0c8e70ae5ceKepler-296e,kepler-296e,16
371,6f3d59d581779bb3a8d0d8ec8f9e9087Kepler-155c,kepler-155c,11
372,09346f48e1028a7a07adc1e3ca0e1834Kepler-62f,kepler-62f,19
373,7d50858b59510e1ad731a1955020d38aGliese_,gliese,1
374,d5c762eff9e46d27e20e0a6d364cffd3Kepler-22b,kepler-22b,14
375,78c6c747ffee1e4cb5345371286dadacKepler-62e,kepler-62e,18
376,d08609fb4ba3d4bce419fdba0c393f0fKepler-62e,kepler-62e,18
377,4ff76175d89c8767d332b7cbc9b5f115Gliese_,gliese,1
378,7e6ea5731fff00343517ea44e13193c3Gliese_163_c,gliese_163_c,3
379,567e0f6b60e87f8ddef1637942d9d6acKepler-283c,kepler-283c,15
380,47f0d69bbc05038b250041286829315f55_Cancri_Bc,55_cancri_bc,0
381,c4262a924ad452c2603a2c8d3d5b80b4Gliese_163_c,gliese_163_c,3
382,8c5b624f0855eef2d0f0c7ea5ca43897K2-155d,k2-155d,7
383,818ea7a5ef619599bca2c004a0823dc955_Cancri_Bc,55_cancri_bc,0
384,0d960ae9ab9e2771c2d8e01d9b5c8459Kepler-296f,kepler-296f,17
385,57a179c873ddd9542b130ef5b92d81c0Gliese_,gliese,1
386,bb392163170854ff821a606372905180Kepler-22b,kepler-22b,14
387,4655e55dac03a59f4604d857384f6916Gliese_,gliese,1
388,17d4accb725c5e83ac4c2febba3f5dc1K2-288Bb,k2-288bb,8
389,242755c3876a206ad774322dd4b1a02bK2-332b,k2-332b,9
390,122c533fdd747e882420cb038afc6cebKepler-62f,kepler-62f,19
391,60bb69614f936444bf58f0ce9c928617HIP_38594_b,hip_38594_b,6
392,b6809104e01373f76bc243f482f970a6Kepler-22b,kepler-22b,14
393,1788391a7f807163b3806aa937f951a5Kepler-186f,kepler-186f,13
394,23caf02b68c8b3c91c5a761389c9d5fbKepler-22b,kepler-22b,14
395,1f620b3d7d718c161b6a72c5ea4e25dbK2-155d,k2-155d,7
396,cebffe607bbfe13d133add0ccd9bf57cKepler-296e,kepler-296e,16
397,983cd031bdfbba5e073d952d07719560K2-288Bb,k2-288bb,8
398,2f2477d33dfe5781b93714d865737a21Kepler-174d,kepler-174d,12
399,24179abcf35be750be71c4be78c0a87bKepler-186f,kepler-186f,13
400,8950a12d916056ac0397455e07d37220K2-288Bb,k2-288bb,8
401,92b3e14e84ce98df550c84f55305d35d55_Cancri_Bc,55_cancri_bc,0
402,0ea1474f1a5bb5f323dab95b8d0d71dfKepler-296e,kepler-296e,16
403,01c85ca294dbf8ee81e8c458a1e22714Kepler-296f,kepler-296f,17
404,79d64c9b6f1b6d3dc438504a67a63777Kepler-62f,kepler-62f,19
405,349dab5f337fd8924ebad90d058e6770Gliese_163_c,gliese_163_c,3
406,1c62e852d056a909e1a23443821f8f43Kepler-296e,kepler-296e,16
407,ef6606fd7ef735766a35b0295498eee9K2-332b,k2-332b,9
408,2c05a71e52ddf4c0b2b459b29c53f727Kepler-22b,kepler-22b,14
409,e1f1274db31efdba2589da80b98505b5K2-72e,k2-72e,10
410,bf93b9379e65243b9fec13f042f8b77bGliese_163_c,gliese_163_c,3
411,c9cf5c949a8993c5b0b666e6e260ec25HD_20794_d,hd_20794_d,4
412,941e48dd5a9e77fa073f856080255034Gliese_,gliese,1
413,c6d60049463a0120ce74c152d3506267HD_216520_c,hd_216520_c,5
414,64eb2ada114ef3b572ed829d149cd01cKepler-155c,kepler-155c,11
415,490bc05520a032a35654834954e12bdcKepler-62f,kepler-62f,19
416,bff3ff3cc9af68edadeb612618b83c2fKepler-62f,kepler-62f,19
417,5d1941c2d91273b1cf84954bc1726cbbGliese_12_b,gliese_12_b,2
418,cc4d7ad2940666d56de5832bed4218d9K2-332b,k2-332b,9
419,4e65d87bfb7df65065a7b0573d932c2cKepler-174d,kepler-174d,12
420,c2e9720e6598503dc0a3ad5429866a00Kepler-283c,kepler-283c,15
421,6a6831e9e81aa0f98f1286add3d85ef6Kepler-22b,kepler-22b,14
422,34563cd7d482c3c43921f0fe3289b2bbGliese_12_b,gliese_12_b,2
423,0aa1b5a45bf1e34d8ad4158dababa622K2-332b,k2-332b,9
424,f5c286c1b117de3585448b06036d59a3K2-72e,k2-72e,10
425,a4b78548a0600e7e31bd32423ae25439K2-155d,k2-155d,7
426,67adba72a14cdb87592c44afe6751986Gliese_12_b,gliese_12_b,2
427,e72b9150a341db0d6714f085e470bd71K2-155d,k2-155d,7
428,57010694f32adc3fec2fd122275cc96855_Cancri_Bc,55_cancri_bc,0
429,dc1c03c3193fc01a7c2f7e099a8b146dKepler-296f,kepler-296f,17
430,50c49dbafde3fe3c81905a9006ec1c68Kepler-186f,kepler-186f,13
431,c8a247d5c4d7983dda50b3048876cb42K2-332b,k2-332b,9
432,7c996865c18b4702cdd6c1148ef3480aK2-332b,k2-332b,9
433,28f0f9c76d2829325c6fc7215dd41ac4Kepler-155c,kepler-155c,11
434,60152b264a347964f02d9d00d1790215Gliese_12_b,gliese_12_b,2
435,c6ac508c337aa44ee0cc6c773caaed43K2-72e,k2-72e,10
436,5d6ff6aaf7693443b0998b8850cfade8Kepler-155c,kepler-155c,11
437,92928e6eaf6c13ad859b9bd45997570eKepler-155c,kepler-155c,11
438,4966c5efe876ccd7bd1d04a3616e95c3Gliese_163_c,gliese_163_c,3
439,8afca7ed32fb2c8c09bcc523f02644c355_Cancri_Bc,55_cancri_bc,0
440,f315c411cdb2a90e650ff82b249155e6K2-288Bb,k2-288bb,8
441,5698eaace41eaccfd919592a8f3555a9HD_216520_c,hd_216520_c,5
442,d5c762eff9e46d27e20e0a6d364cffd3Kepler-22b,kepler-22b,14
443,2b9bb74391d0c965bd4d96b6078bef8bKepler-62e,kepler-62e,18
444,c6ac508c337aa44ee0cc6c773caaed43K2-72e,k2-72e,10
445,30f0bc95f2d2f474923486ac764e0627Gliese_163_c,gliese_163_c,3
446,5be6eb2622adb1b997ee7852a83cec64Gliese_,gliese,1
447,cd80c3caec53a66c1084a1eb8ef8e472Gliese_163_c,gliese_163_c,3
448,10f390066bb98cd9c1e4f2b753aae966HD_20794_d,hd_20794_d,4
449,03036fb9fad349725a9d0dd913b85215Kepler-174d,kepler-174d,12
450,9114490d39586d5a90f389bb082b5252Gliese_12_b,gliese_12_b,2
451,581837db8ea4c40b99c42577c1224b3cKepler-296e,kepler-296e,16
452,3ef8e4470f9baec3876214353c4c3569K2-155d,k2-155d,7
453,ed5130ff415bec7e86a392d3e51f803eK2-288Bb,k2-288bb,8
454,f4aa77df7f1e0ce9ba6d5cf72319bab0Gliese_12_b,gliese_12_b,2
455,50341d8b76dae9794054a485f4cc7601Kepler-62e,kepler-62e,18
456,258debfbe51eda3fa4fb8e42486c0caeKepler-22b,kepler-22b,14
457,9a4926b7ef18d84e8c7c0f24b6a91555K2-332b,k2-332b,9
458,60bb69614f936444bf58f0ce9c928617HIP_38594_b,hip_38594_b,6
459,67adba72a14cdb87592c44afe6751986Gliese_12_b,gliese_12_b,2
460,acb469c45b5607ca29e79186c2bd949bHD_216520_c,hd_216520_c,5
461,a498b76131eb44d702a3a10f06a61f10Gliese_163_c,gliese_163_c,3
462,fa272c12bf5cbb4906df26dccdb5f47cHD_20794_d,hd_20794_d,4
463,0fd6d1a7c1e918517c99e807a2476907K2-288Bb,k2-288bb,8
464,3b684cb8e0667e0b04032e4e626b771cKepler-155c,kepler-155c,11
465,0eea0e6fece2446d58d7715262b8b3b8Kepler-62f,kepler-62f,19
466,74444d1fee01e2ca53e0e1f2dfb74f57K2-155d,k2-155d,7
467,ca11bf18afc9c1acc6437a83030ac607K2-72e,k2-72e,10
468,7496422b3da88dc6a8324fbf587ba1fbKepler-62f,kepler-62f,19
469,dec332496a0af98a77c6f495fadcce86HIP_38594_b,hip_38594_b,6
470,9b97c362bd6a7dc02f6007a9270571fdK2-155d,k2-155d,7
471,3460f9ac7ca3a3e6e681d137b2cea0caKepler-62e,kepler-62e,18
472,65ceeaf68ee58b21d35c4066bf9ee135Gliese_,gliese,1
473,2e2dda01427040193e688f83b0353200Gliese_12_b,gliese_12_b,2
474,d12ae22d5c5420319d13bb0f625f81f1Kepler-22b,kepler-22b,14
475,bd2ac4b770549475b5c0b51e7a3f9d09Gliese_12_b,gliese_12_b,2
476,7d50858b59510e1ad731a1955020d38aGliese_,gliese,1
477,a2b4c46b589d020649d6c822ad37cd2aHD_20794_d,hd_20794_d,4
478,78c6c747ffee1e4cb5345371286dadacKepler-62e,kepler-62e,18
479,3ea59e0c0ad10ab7322d2140bdf44e1aKepler-62f,kepler-62f,19
480,78d383cd2fb5b3eaa37bcc081130361bGliese_163_c,gliese_163_c,3
481,1d014d2efdd4f63fb2fce0b175defd0c55_Cancri_Bc,55_cancri_bc,0
482,7e98ea8baa878a77ee4db1fcab5ee3a1Kepler-296f,kepler-296f,17
483,ef990842252f90d3cd9b49bf4324511cKepler-186f,kepler-186f,13
484,ce56cdb6da90bf751232d8d26da74511Kepler-186f,kepler-186f,13
485,6faf61feecf7696fc2bfbb3a0ea0cdd7K2-332b,k2-332b,9
486,e4ed34e0f1ce0aa35651afe30567cef1Kepler-283c,kepler-283c,15
487,ccc26fecd1bf7856168b293dd5188e8455_Cancri_Bc,55_cancri_bc,0
488,e4ed34e0f1ce0aa35651afe30567cef1Kepler-283c,kepler-283c,15
489,ceb3bf2f4cc84d53859a47ab73f71a69K2-155d,k2-155d,7
490,86e68299bbb5eb9616472300f2a0522eKepler-22b,kepler-22b,14
491,e4ed34e0f1ce0aa35651afe30567cef1Kepler-283c,kepler-283c,15
492,a2e0c1a1714e09e0694681b63d5247c9HIP_38594_b,hip_38594_b,6
493,521b7d809ae083d3a2139102aef1ab5cKepler-174d,kepler-174d,12
494,fb9444ba1ca0183c4a74f11dc0aeb8d8HD_20794_d,hd_20794_d,4
495,4e65d87bfb7df65065a7b0573d932c2cKepler-174d,kepler-174d,12
496,2a360278492cc389a5fc11ffdded923dKepler-296e,kepler-296e,16
497,3744e45f25f22419d6b36600edc4f5cfHIP_38594_b,hip_38594_b,6
498,634a83abc402e3c8550b09a2e1e19e4fKepler-186f,kepler-186f,13
499,c630381fb194c143ba71fe07efaa418dKepler-296f,kepler-296f,17
500,b2c43074614af3cc47de3e2b891d208bGliese_,gliese,1
501,2cde5e22e43952daf819465669827cc7K2-155d,k2-155d,7
502,d3aee18ff4e64972161ccfda5e5a3d59Kepler-155c,kepler-155c,11
503,0256aa0ac353680c35899c806079337fGliese_163_c,gliese_163_c,3
504,c15b494e7422378f7b7681c9e6a0344fGliese_163_c,gliese_163_c,3
505,b5f6b0051431de81d403ae049ec9e1c2Kepler-155c,kepler-155c,11
506,3f98928f8f7565a919d01748e7e919b3HIP_38594_b,hip_38594_b,6
507,4d6e1312be275d86caccef761ca32120K2-155d,k2-155d,7
508,eae431bbc6a65f7fc399267f1fc7a9baHD_216520_c,hd_216520_c,5
509,26acd069c43f506f9db8685b885b9de5Gliese_163_c,gliese_163_c,3
510,2c75bc9f563955b7610f495f7dae7869Kepler-155c,kepler-155c,11
511,bf0c686835515f36b0a047b86840f44aKepler-62f,kepler-62f,19
512,083dd7b189caee82563714d080023689K2-332b,k2-332b,9
513,ff9020c342aaac0a010aa34da3474c8dKepler-62e,kepler-62e,18
514,9912054cae8f90caa77eda602d7b202fHIP_38594_b,hip_38594_b,6
515,d865c8ec92c994027a079daeb81f6eeeK2-155d,k2-155d,7
516,4f761994489d59d1216f7f699f80f38dHD_20794_d,hd_20794_d,4
517,3bb1924fb4bd619614a341fa6a06e288Kepler-186f,kepler-186f,13
518,6f729971964ea9b981d61883773e0579K2-155d,k2-155d,7
519,35feffb885174b6ddb0927d1388139ccKepler-296f,kepler-296f,17
520,3f25a8a319cb0fa2593f1694b2530be3Kepler-155c,kepler-155c,11
521,7e6cb582acbfae053591b4a11822e1b5K2-72e,k2-72e,10
522,3ea59e0c0ad10ab7322d2140bdf44e1aKepler-62f,kepler-62f,19
523,f79eaf21b5d44c0e38245c801b41cdf5Kepler-296f,kepler-296f,17
524,5cc160c62aeae571284f60405272ccd555_Cancri_Bc,55_cancri_bc,0
525,d35a994481180d2bf5822514b39c42c2K2-72e,k2-72e,10
526,1e7839eb22491721d6aa97182f1da026Gliese_12_b,gliese_12_b,2
527,1e7839eb22491721d6aa97182f1da026Gliese_12_b,gliese_12_b,2
528,0c14c20f103f366bfe3d399097b6f7dbKepler-296f,kepler-296f,17
529,927f07673ea784b91608b24a34fca1b6Kepler-296e,kepler-296e,16
530,e35f3da08a03833c178d8c0105eb0349K2-288Bb,k2-288bb,8
531,cc4d7ad2940666d56de5832bed4218d9K2-332b,k2-332b,9
532,72a495c18bfe6f2990573fc3574afa5cGliese_12_b,gliese_12_b,2
533,09b7d589978771cc8faec7579ee9e8f6Kepler-296e,kepler-296e,16
534,5d6ff6aaf7693443b0998b8850cfade8Kepler-155c,kepler-155c,11
535,0d960ae9ab9e2771c2d8e01d9b5c8459Kepler-296f,kepler-296f,17
536,96d6940ec5605929f35e19854be1c20eK2-155d,k2-155d,7
537,775ac9970acabf4aeab4b447106112a5K2-288Bb,k2-288bb,8
538,761df7e2b8b5676da357475ae3855d03Kepler-296f,kepler-296f,17
539,09ad8075a9fc6e4ba845d45dd4049489K2-332b,k2-332b,9
540,b6196db746c8468fe0770753997f1301Kepler-155c,kepler-155c,11
541,d7e2bdf78d5d31e043a69963628f7fe3K2-332b,k2-332b,9
542,a3d445f7fd31f541afa1a41d3efb8d17K2-332b,k2-332b,9
543,73ca4f20460d087623f93e0b6730e32dKepler-62f,kepler-62f,19
544,301dbaa673ca3c80d910aac510117449K2-72e,k2-72e,10
545,9a4284da0ee1a7ca2b0f6a4bab057d8aKepler-62e,kepler-62e,18
546,cdff619861a301c914a860d67b8fbc9aHIP_38594_b,hip_38594_b,6
547,18d258705bd6a1f262d766b384a2ea4aK2-288Bb,k2-288bb,8
548,1c02ae8aa39bc1b8aa2052b387c1bff4HD_20794_d,hd_20794_d,4
549,7ea14d9aaea26539f8a98fee478a8ee7HD_216520_c,hd_216520_c,5
550,61b64335cc02d61dd233e837d33f4847Kepler-296e,kepler-296e,16
551,f676ead5e299d6b184631229d975fc85K2-155d,k2-155d,7
552,edeacf65a16fa40cbff778f7e3e112e1Kepler-283c,kepler-283c,15
553,824d1272432cb37af24e30aaeeaad055K2-332b,k2-332b,9
554,bd249c0c88d17b033f408e3b13ded197Kepler-174d,kepler-174d,12
555,4a873ed395305573e843c57115233884K2-72e,k2-72e,10
556,bd249c0c88d17b033f408e3b13ded197Kepler-174d,kepler-174d,12
557,864ca036dfedec4cf7832cd484d683a0Kepler-62e,kepler-62e,18
558,983cd031bdfbba5e073d952d07719560K2-288Bb,k2-288bb,8
559,bfaa1d0572363bb9678441a71f25382eKepler-62e,kepler-62e,18
560,6555fe3f2c31ca5d1df2fd7a4a236a91K2-72e,k2-72e,10
561,b6196db746c8468fe0770753997f1301Kepler-155c,kepler-155c,11
562,d7e7eb1f2cc0d33eb37c794e52088af9Gliese_163_c,gliese_163_c,3
563,4fccc42cdad0e141a4681719b5fb1df5Gliese_12_b,gliese_12_b,2
564,cf0a37e0bf15681b08b7831263445e3fKepler-155c,kepler-155c,11
565,485754d106ced8b914c66882f9d9492eGliese_,gliese,1
566,2c75bc9f563955b7610f495f7dae7869Kepler-155c,kepler-155c,11
567,d22c9937d5d1fa237bc92d2c5fab4964HD_20794_d,hd_20794_d,4
568,7ab0cb459a17371a1622a10b248b0dbaGliese_12_b,gliese_12_b,2
569,92928e6eaf6c13ad859b9bd45997570eKepler-155c,kepler-155c,11
570,1e7839eb22491721d6aa97182f1da026Gliese_12_b,gliese_12_b,2
571,069de9ad181556b73913f5f21da42151K2-72e,k2-72e,10
572,6bc6cf24b0a751bb536bb47a43517e99HIP_38594_b,hip_38594_b,6
573,ee7783f40dbdd49fff0d5344d3efb42aGliese_12_b,gliese_12_b,2
574,93adcfd75298e1cf6592338aaed0a95cKepler-283c,kepler-283c,15
575,17d4accb725c5e83ac4c2febba3f5dc1K2-288Bb,k2-288bb,8
576,16d2a4d4ff1d33f28b30392080fa8f3d55_Cancri_Bc,55_cancri_bc,0
577,f7b4fa0c5f518fae38b603891ebe4f91HD_20794_d,hd_20794_d,4
578,681fd8296de5d89801efdc7fc90bfd60Kepler-296f,kepler-296f,17
579,8a391f297c9805e64f7c05458cc3e58aKepler-296e,kepler-296e,16
580,16d2a4d4ff1d33f28b30392080fa8f3d55_Cancri_Bc,55_cancri_bc,0
581,e4d54ece74b939dc834e90a0bb58fe2cK2-155d,k2-155d,7
582,cc1bc9a1904ccc1f77fc62b3a8b2b825Kepler-296e,kepler-296e,16
583,09ad8075a9fc6e4ba845d45dd4049489K2-332b,k2-332b,9
584,5c20a3dbff05db35fe70120efeca5078K2-72e,k2-72e,10
585,274f7c3f11c5081562e19b382c689924Gliese_163_c,gliese_163_c,3
586,a5a5ba7f98e24d387cf5b6e649032812Kepler-283c,kepler-283c,15
587,47d68a0547b34cf9ab12c9ad5376306cHD_216520_c,hd_216520_c,5
588,e369439dff502528ff1b4b4b12f27f51Gliese_12_b,gliese_12_b,2
589,02ffd10f5454013e6a4c53abed32063aKepler-186f,kepler-186f,13
590,ccc26fecd1bf7856168b293dd5188e8455_Cancri_Bc,55_cancri_bc,0
591,81197fde78a8a16fc2962f3967272b92Gliese_12_b,gliese_12_b,2
592,3cff41255a0e0753efb5e55380ee3565Gliese_,gliese,1
593,274f7c3f11c5081562e19b382c689924Gliese_163_c,gliese_163_c,3
594,1788391a7f807163b3806aa937f951a5Kepler-186f,kepler-186f,13
595,b9314a23c7ff0c6048bcc7afd855f984K2-155d,k2-155d,7
596,7d50858b59510e1ad731a1955020d38aGliese_,gliese,1
597,0b94cffe847564c825a6a6e10b3b97a3K2-288Bb,k2-288bb,8
598,f54be911f507e019c2ad4594ab4116e1Kepler-296e,kepler-296e,16
599,aff8157e4a433ff2a3cce1fdf9420305Gliese_,gliese,1
600,79f29634b033508bc63906c1c6ab406b55_Cancri_Bc,55_cancri_bc,0
601,79f29634b033508bc63906c1c6ab406b55_Cancri_Bc,55_cancri_bc,0
602,1431f2aaa5c5d13e9295d7ec380c0c88Kepler-174d,kepler-174d,12
603,4485fe6e419531369db7c39d07e2a724Gliese_12_b,gliese_12_b,2
604,c4db5b1e23e76cab86f92feea67d08bdKepler-22b,kepler-22b,14
605,1431f2aaa5c5d13e9295d7ec380c0c88Kepler-174d,kepler-174d,12
606,d12ae22d5c5420319d13bb0f625f81f1Kepler-22b,kepler-22b,14
607,2d33656903f47ccdd0381f569e2bcd64K2-155d,k2-155d,7
608,022fb6ff4bb5185d4affe96a69c9643455_Cancri_Bc,55_cancri_bc,0
609,8b627262b9bbdd02bdcfa3bd8510c4b3K2-155d,k2-155d,7
610,928048a0908eb0ce2a298d9e2252d876Gliese_12_b,gliese_12_b,2
611,ee8f3791d02603e7142e67d7e03e4de2HD_20794_d,hd_20794_d,4
612,b14e3503ed80de7fa2bcac83a5aa1269K2-332b,k2-332b,9
613,3952b110599f1b2f8867a2e76c2ac1c3Kepler-283c,kepler-283c,15
614,928048a0908eb0ce2a298d9e2252d876Gliese_12_b,gliese_12_b,2
615,928048a0908eb0ce2a298d9e2252d876Gliese_12_b,gliese_12_b,2
616,6b1e6a3e87c610e35d6edfeea363133eHD_216520_c,hd_216520_c,5
617,64f0e2b341c73e9e954e54af42e31318HD_20794_d,hd_20794_d,4
618,d1f7d396f2c288e7455d1ce5634fdb9cK2-72e,k2-72e,10
619,7e6ea5731fff00343517ea44e13193c3Gliese_163_c,gliese_163_c,3
620,a8f563835dc8d016560fe66f550011afHD_216520_c,hd_216520_c,5
621,69bdc3059f13f70ee6a8101f81994f68Kepler-174d,kepler-174d,12
622,2200d5b091f0b6e917392a78d7f4713aKepler-186f,kepler-186f,13
623,bbd276c23374c0cfef5be466892f64a5Kepler-22b,kepler-22b,14
624,92788e0851b4abc7cb13397ff3a76302HD_216520_c,hd_216520_c,5
625,9fd57d3b44b4091886364d55a50645c8Gliese_12_b,gliese_12_b,2
626,e6df8b1f0974ff9bc9e2921010986fafK2-155d,k2-155d,7
627,bec4d16498bf58910deadc08ee4f1940K2-72e,k2-72e,10
628,590ba8b02b699fcaef6fcf39a78f57cdKepler-296f,kepler-296f,17
629,e6527d68777e0533a878f77b6b413a4cKepler-296e,kepler-296e,16
630,33b43e637c2973c5abdb7516b05faf7cKepler-155c,kepler-155c,11
631,f73016d35bb33642e10cbd21ddfce23355_Cancri_Bc,55_cancri_bc,0
632,c4db5b1e23e76cab86f92feea67d08bdKepler-22b,kepler-22b,14
633,29f7a8dfb79c69cc550dd53260481b88Kepler-155c,kepler-155c,11
634,103e210629a3c57fc5feadfa7e2f4d0dKepler-186f,kepler-186f,13
635,b9e7775b9e5aa1671a3830352dd8b7d5HD_216520_c,hd_216520_c,5
636,b9e7775b9e5aa1671a3830352dd8b7d5HD_216520_c,hd_216520_c,5
637,1cb37d5663cdc01dfee7174c1f471b7fGliese_,gliese,1
638,a95c8b942a44944275dcb2eb114d02eaKepler-174d,kepler-174d,12
639,32deb1f906f9e67f90d2cf4e5e746481Kepler-296f,kepler-296f,17
640,8950a12d916056ac0397455e07d37220K2-288Bb,k2-288bb,8
641,dc26e63c4ab89f3786c6a66a9da6f938K2-72e,k2-72e,10
642,6d2df08618abc2b88c439cd8abc57700Kepler-283c,kepler-283c,15
643,30f0bc95f2d2f474923486ac764e0627Gliese_163_c,gliese_163_c,3
644,8c90131bf715dd850e774ca06e511682Kepler-283c,kepler-283c,15
645,2f9008e9eab8b8bd1a490f5d3f62c2ceKepler-22b,kepler-22b,14
646,ff7454152c93f866b417b7793ce42807K2-288Bb,k2-288bb,8
647,6d9dafeb9b9b4d3e634c706c38e3d847K2-332b,k2-332b,9
648,9a82a2e84a4f659a22db43e1991588c0Gliese_12_b,gliese_12_b,2
649,20a0585df26a78f20cb9c01b5517d829Kepler-174d,kepler-174d,12
650,4b73216e3cbb1c90f8f48e86cdc69c32K2-72e,k2-72e,10
651,863c2582da91bfb6e4c0b2d2e7341aceK2-72e,k2-72e,10
652,8b8c8352de704743f2fe19a86d7eaeb9K2-155d,k2-155d,7
653,bbd06aef13262d27a9df410b2df6f0a5K2-288Bb,k2-288bb,8
654,2d02def4c1bc5a00102355fbe8ba47b1K2-72e,k2-72e,10
655,6039da636b39987af45d074c03bad584Gliese_,gliese,1
656,90532b7679f586907721477cc1cb37a3Kepler-283c,kepler-283c,15
657,de379b057e6e882b65399fe358809ca4Gliese_163_c,gliese_163_c,3
658,e5f8092f231902e0a85172aafbea01eaGliese_,gliese,1
659,9bab709c33274b43a08645061dfda6afKepler-22b,kepler-22b,14
660,76aaeca3e4069a9a9d87e4aabe59d2caKepler-62f,kepler-62f,19
661,48231cccf12573074dc8f417a52bdc96Kepler-186f,kepler-186f,13
662,7d0a95dc101626e1dcb72d1ff4283366Kepler-155c,kepler-155c,11
663,64f0e2b341c73e9e954e54af42e31318HD_20794_d,hd_20794_d,4
664,c9cf5c949a8993c5b0b666e6e260ec25HD_20794_d,hd_20794_d,4
665,7255054a4edd255b78201e6a2d74c8d2Kepler-22b,kepler-22b,14
666,7d0a95dc101626e1dcb72d1ff4283366Kepler-155c,kepler-155c,11
667,128b4253f79b86da103429607372944eHIP_38594_b,hip_38594_b,6
668,863c2582da91bfb6e4c0b2d2e7341aceK2-72e,k2-72e,10
669,bd43e4e82ac7fb3942d2e82b3e540a72Kepler-62f,kepler-62f,19
670,1377575757f5780cc4d85e4bf6947e2955_Cancri_Bc,55_cancri_bc,0
671,ddb570c6f6691a575d66f8c9b0c274dfKepler-296f,kepler-296f,17
672,cd7c9d8a1bf2a1fe283aae6e66326589Kepler-186f,kepler-186f,13
673,2537035ee0177f7c9dbd0f98f72e1e59K2-288Bb,k2-288bb,8
674,4d73eb170ecc65e04774004959eff364Gliese_163_c,gliese_163_c,3
675,c41cc98702b477e40e0c85fe17c19793K2-332b,k2-332b,9
676,0aa0e77a272c3ce712ed1accf2828c7dKepler-296e,kepler-296e,16
677,e79d8b5a7e11ea8ee4e8765fead1165cGliese_12_b,gliese_12_b,2
678,bdefbbd79a1dbf127ec396756e49222dKepler-296e,kepler-296e,16
679,bdefbbd79a1dbf127ec396756e49222dKepler-296e,kepler-296e,16
680,c8b9652a190eb9622f565d899b160e64K2-332b,k2-332b,9
681,4d73eb170ecc65e04774004959eff364Gliese_163_c,gliese_163_c,3
682,568bc245b81d56330b606c4e419e1e50Kepler-283c,kepler-283c,15
683,4e7a467fc73628559546ed05ce054dfeK2-72e,k2-72e,10
684,3bb199a7f930dcac11d1bcf5d98227c1HIP_38594_b,hip_38594_b,6
685,0887ce5e629dceea270230beca7c6373Kepler-62e,kepler-62e,18
686,adc07444873c68a96d227d0cc6237dcfKepler-296e,kepler-296e,16
687,8fff845da721a53a3de5fafb6ee18c41Kepler-155c,kepler-155c,11
688,0b1632e43e40a71ee78be03be75cb027Gliese_163_c,gliese_163_c,3
689,ecd201f001f1bc616a5b1a49504c8252Kepler-22b,kepler-22b,14
690,f50ec3805c8a8e66ccfd521c5ce6e69dHIP_38594_b,hip_38594_b,6
691,7b1f76d0c39b893bcba7bb5a6a3362feK2-155d,k2-155d,7
692,af73b1dc25457e96c5c23946ca18717fKepler-62e,kepler-62e,18
693,08337d44df913ac71f81365d835e0f8aKepler-62f,kepler-62f,19
694,4d6437b7303e3ef289f9d8bb40cb1429HD_216520_c,hd_216520_c,5
695,74c0d5d507acd01a15da9ffe1e8942e5HD_20794_d,hd_20794_d,4
696,8f7f1978b0c638284df07f0eeed441acKepler-296e,kepler-296e,16
697,24afb60e3a1acf6f6416ea361ad69758Kepler-174d,kepler-174d,12
698,4ab7c7a41a647a027f97b5521483efcaKepler-186f,kepler-186f,13
699,6d2df08618abc2b88c439cd8abc57700Kepler-283c,kepler-283c,15
700,46f0a72aaea650b51837d3f5e5b818f7Kepler-174d,kepler-174d,12
701,21f67cd92a818e81a109f3d1692e51f4Kepler-62e,kepler-62e,18
702,bbf81f9f70c1a677326542c18de06bf0HIP_38594_b,hip_38594_b,6
703,9d153cbbe4c1cb4838ae66502ce7e2f7Kepler-155c,kepler-155c,11
704,2aef3ac73d63597aa95a8f4baf30e73dK2-72e,k2-72e,10
705,ea953701f9eee93e110c905d51024587Kepler-62e,kepler-62e,18
706,ea953701f9eee93e110c905d51024587Kepler-62e,kepler-62e,18
707,03036fb9fad349725a9d0dd913b85215Kepler-174d,kepler-174d,12
708,204883a2d303ae1a523c6ca4ba957535Kepler-283c,kepler-283c,15
709,b174bb608fc9702aa58aeaa537ec1181Gliese_12_b,gliese_12_b,2
710,521b7d809ae083d3a2139102aef1ab5cKepler-174d,kepler-174d,12
711,d3bc2ff5a7644367f1761d8f899bd5fd55_Cancri_Bc,55_cancri_bc,0
712,76a0156ce2892ea02b718cf45423f861K2-155d,k2-155d,7
713,6eb6ffcb58520af53362237b7594d5feKepler-296f,kepler-296f,17
714,87eb4e35ef936ed2660a8b3dcb9cc5dfGliese_163_c,gliese_163_c,3
715,780f0ec17adec2cbde137cca6c72eefaGliese_163_c,gliese_163_c,3
716,5ba82474eead3d364af22968f1a7277755_Cancri_Bc,55_cancri_bc,0
717,3bdd8b88e71fd82650d62860877e7c22Kepler-62f,kepler-62f,19
718,2537035ee0177f7c9dbd0f98f72e1e59K2-288Bb,k2-288bb,8
719,57a179c873ddd9542b130ef5b92d81c0Gliese_,gliese,1
720,fc7af75de737b6a66957f83f17eb9f36HIP_38594_b,hip_38594_b,6
721,436af14a027e6b6a3086720a2db8b3e6Kepler-62f,kepler-62f,19
722,2a5aaceee791da0f2af686bb12c42787K2-72e,k2-72e,10
723,e678b4d105448a9ae656f800458bc138Gliese_,gliese,1
724,f27729d0b6e86fa292d0949126240c55Kepler-283c,kepler-283c,15
725,88152327590188197e2d713f18f551c6Kepler-186f,kepler-186f,13
726,8fff845da721a53a3de5fafb6ee18c41Kepler-155c,kepler-155c,11
727,e678b4d105448a9ae656f800458bc138Gliese_,gliese,1
728,4541695171b22004a33ca08b278ec0ebKepler-62e,kepler-62e,18
729,6419123390139820f4a223c9443cc6aeGliese_,gliese,1
730,60152b264a347964f02d9d00d1790215Gliese_12_b,gliese_12_b,2
731,14525493c5ed63e7e3e840ca16015676Kepler-62e,kepler-62e,18
732,93e264a77330420838ccc6a89738366dGliese_12_b,gliese_12_b,2
733,57e6a379e692fc9cde138894a552d6a4HD_20794_d,hd_20794_d,4
734,7125a188f431534c10955cfe2e5a177aK2-332b,k2-332b,9
735,cbcc99d375e2ecf903a8114acb56fef7Kepler-283c,kepler-283c,15
736,30f0bc95f2d2f474923486ac764e0627Gliese_163_c,gliese_163_c,3
737,1f620b3d7d718c161b6a72c5ea4e25dbK2-155d,k2-155d,7
738,6679eb0731d8871a628e68c196a6be49Kepler-62e,kepler-62e,18
739,73ca4f20460d087623f93e0b6730e32dKepler-62f,kepler-62f,19
740,30cc1f40172ca2ba250fb9325d72d3eaK2-332b,k2-332b,9
741,0c4b4ab5024e4d6eb8fa137f162ca81eKepler-283c,kepler-283c,15
742,40af2b329e83044f035730b24229f36aKepler-283c,kepler-283c,15
743,45e39abeeea74498c1d51c261d52c692Kepler-174d,kepler-174d,12
744,45e39abeeea74498c1d51c261d52c692Kepler-174d,kepler-174d,12
745,6faf72fb43d56631d6f17fcd808ebb89HIP_38594_b,hip_38594_b,6
746,5b55de2952ad7170d20c629098e227d0Kepler-186f,kepler-186f,13
747,3ea1cf8f60e085db17e55f1fb5b2fd5aKepler-296f,kepler-296f,17
748,4e1a61a3da0cc096dcc7178bad24ff1aKepler-283c,kepler-283c,15
749,2c1f5540772f40378be99c8edb8f507cKepler-155c,kepler-155c,11
750,6c6754385841ea431a68d2ba4a76a40aK2-332b,k2-332b,9
751,301dbaa673ca3c80d910aac510117449K2-72e,k2-72e,10
752,38ac1f6768a431fe29b014bb0109f153Kepler-62f,kepler-62f,19
753,2761525d89e3247aefd921b1cb16df01Kepler-62f,kepler-62f,19
754,11cc9eaa4191387be26db039c1398e7dKepler-296e,kepler-296e,16
755,4ce01d8a7c581333b100caeb1564152dHD_20794_d,hd_20794_d,4
756,28f0516c48718f31a1e8933657603d39K2-332b,k2-332b,9
757,566cf3caf01b2a89b7f67a90a7a7c266Gliese_12_b,gliese_12_b,2
758,0e61f96657c6cd51e6b9d31149489fcbHD_216520_c,hd_216520_c,5
759,c8b9652a190eb9622f565d899b160e64K2-332b,k2-332b,9
760,cca77f1826aa988af1ead6eb85d9796eHIP_38594_b,hip_38594_b,6
761,65ceeaf68ee58b21d35c4066bf9ee135Gliese_,gliese,1
762,d44fd312a236d6465181bdd951fd8022HIP_38594_b,hip_38594_b,6
763,8f696a581d2d0699c8893da195fe1f1cK2-155d,k2-155d,7
764,6679eb0731d8871a628e68c196a6be49Kepler-62e,kepler-62e,18
765,cc2159107b7991733b3416015648a0c3K2-155d,k2-155d,7
766,1b0d50251c2edf6404f3e8f6aa4191b4HD_216520_c,hd_216520_c,5
767,3160d532c1611ed4f138bf7776786755Gliese_,gliese,1
768,fbf48f30fe39fc36ae8f8e3c6f83902bHD_20794_d,hd_20794_d,4
769,c77560236a73060ea9ae267e7c85fa52Kepler-283c,kepler-283c,15
770,57cfec1722e03543bc8c27c98f4ccd4eKepler-186f,kepler-186f,13
771,b457cd84be3693ae3c8dd12fce33c01155_Cancri_Bc,55_cancri_bc,0
772,a75fc34aaa3a0d3a5a631b2da1b42df7K2-155d,k2-155d,7
773,927f07673ea784b91608b24a34fca1b6Kepler-296e,kepler-296e,16
774,26acd069c43f506f9db8685b885b9de5Gliese_163_c,gliese_163_c,3
775,712fb8f5219aa0647f3354069ea20d53HD_20794_d,hd_20794_d,4
776,2085054d30879c605f8f7bfd33c905db55_Cancri_Bc,55_cancri_bc,0
777,2fb8f8a1bcd733285abedaf27d468046K2-288Bb,k2-288bb,8
778,6faf72fb43d56631d6f17fcd808ebb89HIP_38594_b,hip_38594_b,6
779,a99c17bce510fe31444d2f6dafcd2d82Kepler-283c,kepler-283c,15
780,a3d445f7fd31f541afa1a41d3efb8d17K2-332b,k2-332b,9
781,ac37996a349cbaa8136e07380afeb89bKepler-62e,kepler-62e,18
782,fcf91b245815d63e40193e6c35c975daGliese_163_c,gliese_163_c,3
783,92b3e14e84ce98df550c84f55305d35d55_Cancri_Bc,55_cancri_bc,0
784,d2d35ab5a73995e720351a82a65629dfKepler-62f,kepler-62f,19
785,293337e002c4c864f59a26810d8415caKepler-174d,kepler-174d,12
786,8a120dd7685542030e3b370dce4ac784Kepler-283c,kepler-283c,15
787,e1dc0679f7e46319c57e301f94f7e50bK2-332b,k2-332b,9
788,6419123390139820f4a223c9443cc6aeGliese_,gliese,1
789,6d502137200da6b0f33f29fce8f8f72eK2-72e,k2-72e,10
790,8ae6d65a627d250a790b7d1852617477Gliese_,gliese,1
791,7d8eac7a732afeb582a3dd59c1a94be2Gliese_12_b,gliese_12_b,2
792,cb022dc9c27f8060835220950da677eeKepler-296e,kepler-296e,16
793,bb7cc11be820f84513b4fc8b31659510Kepler-296f,kepler-296f,17
794,206f434c095c0c4756e83c6861f0c402Kepler-22b,kepler-22b,14
795,d3aee18ff4e64972161ccfda5e5a3d59Kepler-155c,kepler-155c,11
796,c630381fb194c143ba71fe07efaa418dKepler-296f,kepler-296f,17
797,98af992793fb030d2552b10e065221f1Kepler-62f,kepler-62f,19
798,9c9a455a8c0265a64befb958fb9aa19dK2-332b,k2-332b,9
799,fc06ac770fb898169688117f383f93a7Kepler-22b,kepler-22b,14
800,74c0d5d507acd01a15da9ffe1e8942e5HD_20794_d,hd_20794_d,4
801,ec97912be0f8b3d06a6ffda16da6a880K2-72e,k2-72e,10
802,2761525d89e3247aefd921b1cb16df01Kepler-62f,kepler-62f,19
803,b1a9d0140bc81913e2e97e449adc331aK2-72e,k2-72e,10
804,2085054d30879c605f8f7bfd33c905db55_Cancri_Bc,55_cancri_bc,0
805,2f2477d33dfe5781b93714d865737a21Kepler-174d,kepler-174d,12
806,6bd90a270063ff67d67fa962ec559fc1Kepler-186f,kepler-186f,13
807,e708beb09402eacab3972204639259b4Kepler-296f,kepler-296f,17
808,7c1a11e43b7eb2ec69f7f637a2c6424b55_Cancri_Bc,55_cancri_bc,0
809,141882fd090695487fbf2cf8c0272d9aKepler-62e,kepler-62e,18
810,1cb37d5663cdc01dfee7174c1f471b7fGliese_,gliese,1
811,1cb37d5663cdc01dfee7174c1f471b7fGliese_,gliese,1
812,c8d32bad7024033599eb6b55982ff47355_Cancri_Bc,55_cancri_bc,0
813,4ab7c7a41a647a027f97b5521483efcaKepler-186f,kepler-186f,13
814,c77560236a73060ea9ae267e7c85fa52Kepler-283c,kepler-283c,15
815,8f7f1978b0c638284df07f0eeed441acKepler-296e,kepler-296e,16
816,6a4c3e9b329788cbe14120549ebcb76bKepler-22b,kepler-22b,14
817,928048a0908eb0ce2a298d9e2252d876Gliese_12_b,gliese_12_b,2
818,3952b110599f1b2f8867a2e76c2ac1c3Kepler-283c,kepler-283c,15
819,022fb6ff4bb5185d4affe96a69c9643455_Cancri_Bc,55_cancri_bc,0
820,442d8974caa34fdb49c98c6ec4d532f6Gliese_163_c,gliese_163_c,3
821,6ec3f6ec2b6d787dcf3ffff89441fa4fGliese_,gliese,1
822,7dbcd84a6d08729012e72b241ce5a4a4Kepler-155c,kepler-155c,11
823,409c09c4bcaa8550adbaf16accb97701Kepler-62e,kepler-62e,18
824,a8f563835dc8d016560fe66f550011afHD_216520_c,hd_216520_c,5
825,98af992793fb030d2552b10e065221f1Kepler-62f,kepler-62f,19
826,fc06ac770fb898169688117f383f93a7Kepler-22b,kepler-22b,14
827,74444d1fee01e2ca53e0e1f2dfb74f57K2-155d,k2-155d,7
828,f96099bc1bda3704fd3cbe5b06691721K2-288Bb,k2-288bb,8
829,63285c29a66afa1b8e34ae5672d0ffb4HD_216520_c,hd_216520_c,5
830,349dab5f337fd8924ebad90d058e6770Gliese_163_c,gliese_163_c,3
831,e1f1274db31efdba2589da80b98505b5K2-72e,k2-72e,10
832,34c1985676cf90137ff4989ec83b2cadGliese_163_c,gliese_163_c,3
833,4f4a946e975da912cd921260b01a453cKepler-155c,kepler-155c,11
834,ddb570c6f6691a575d66f8c9b0c274dfKepler-296f,kepler-296f,17
835,7a1e12d897097d83400e0f3dd215cc33Gliese_163_c,gliese_163_c,3
836,cc80136adac8ae0c64a584f7e446623cK2-288Bb,k2-288bb,8
837,9d0d8a94d15770366a0c4856effbb37aHIP_38594_b,hip_38594_b,6
838,9c9a455a8c0265a64befb958fb9aa19dK2-332b,k2-332b,9
839,48231cccf12573074dc8f417a52bdc96Kepler-186f,kepler-186f,13
840,dd232e0197d04f57c7e27e4db519a960K2-155d,k2-155d,7
841,09b05c9ce2f04418cd1918065e539550Kepler-174d,kepler-174d,12
842,60bb69614f936444bf58f0ce9c928617HIP_38594_b,hip_38594_b,6
843,d79595e0d368ab5197e4a2a584880a84HD_20794_d,hd_20794_d,4
844,6830ac4a14b394d501520f60c0e6f81dKepler-186f,kepler-186f,13
845,20a0585df26a78f20cb9c01b5517d829Kepler-174d,kepler-174d,12
846,480cd934f4c27898d790ab60b3d0251eGliese_163_c,gliese_163_c,3
847,e114c5e7b7fbe825c035d0c927f04599Kepler-62f,kepler-62f,19
848,90b64bd8dfab0cae881a909185e6a390Kepler-283c,kepler-283c,15
849,d3605ce89f49df8ac071f41ff0a68888Kepler-155c,kepler-155c,11
850,b13cb669921b7b5e263982acd2237318HD_20794_d,hd_20794_d,4
851,122c533fdd747e882420cb038afc6cebKepler-62f,kepler-62f,19
852,0fd6d1a7c1e918517c99e807a2476907K2-288Bb,k2-288bb,8
853,50c49dbafde3fe3c81905a9006ec1c68Kepler-186f,kepler-186f,13
854,712fb8f5219aa0647f3354069ea20d53HD_20794_d,hd_20794_d,4
855,1995b85ff4852198525f3bddcb5fd2ddKepler-296e,kepler-296e,16
856,958b721715ea6e9d2249d4d911216747K2-72e,k2-72e,10
857,87eb4e35ef936ed2660a8b3dcb9cc5dfGliese_163_c,gliese_163_c,3
858,7d8eac7a732afeb582a3dd59c1a94be2Gliese_12_b,gliese_12_b,2
859,2085054d30879c605f8f7bfd33c905db55_Cancri_Bc,55_cancri_bc,0
860,35e767371f24c935c7cac6892df9ade4Kepler-283c,kepler-283c,15
861,d24eaba1fde83adefe4e7087e5046d64Kepler-283c,kepler-283c,15
862,2f9008e9eab8b8bd1a490f5d3f62c2ceKepler-22b,kepler-22b,14
863,ff7454152c93f866b417b7793ce42807K2-288Bb,k2-288bb,8
864,50f49799df193e0dcfd330e23be3cecdHIP_38594_b,hip_38594_b,6
865,d24eaba1fde83adefe4e7087e5046d64Kepler-283c,kepler-283c,15
866,419f80a9744bc9346a2784399d266741K2-155d,k2-155d,7
867,193671e522f8af283bad04de17b1437cKepler-174d,kepler-174d,12
868,0703f5a0140205938c41411ba3c8d9edK2-288Bb,k2-288bb,8
869,ccc26fecd1bf7856168b293dd5188e8455_Cancri_Bc,55_cancri_bc,0
870,aea3b3338be773934f3beab1cf0d1d9eKepler-296e,kepler-296e,16
871,0703f5a0140205938c41411ba3c8d9edK2-288Bb,k2-288bb,8
872,128aec36cb7f5a2e26f9d8da58dca7acGliese_163_c,gliese_163_c,3
873,bba7f0817c783bde103ce327812c72cdKepler-22b,kepler-22b,14
874,ca11bf18afc9c1acc6437a83030ac607K2-72e,k2-72e,10
875,e72b9150a341db0d6714f085e470bd71K2-155d,k2-155d,7
876,57010694f32adc3fec2fd122275cc96855_Cancri_Bc,55_cancri_bc,0
877,fdeb01147153e4b8b7fa0322ed265af7K2-72e,k2-72e,10
878,ad534a199fb8202776d59bd9666f86acK2-72e,k2-72e,10
879,a5d9075534c3b5ca3e695fec3c9210e0HD_20794_d,hd_20794_d,4
880,cbcc99d375e2ecf903a8114acb56fef7Kepler-283c,kepler-283c,15
881,c8d32bad7024033599eb6b55982ff47355_Cancri_Bc,55_cancri_bc,0
882,fb9444ba1ca0183c4a74f11dc0aeb8d8HD_20794_d,hd_20794_d,4
883,0aa1b5a45bf1e34d8ad4158dababa622K2-332b,k2-332b,9
884,e12e598202c27c1e2ffbd0512b5564abHD_20794_d,hd_20794_d,4
885,cbcc99d375e2ecf903a8114acb56fef7Kepler-283c,kepler-283c,15
886,bcea58bc3fc2bb6d659297b3f22341acKepler-186f,kepler-186f,13
887,3460f9ac7ca3a3e6e681d137b2cea0caKepler-62e,kepler-62e,18
888,e2f9a805e9f42298e2f1016c973f6c7dKepler-62f,kepler-62f,19
889,5c2d4327b02fe0c1ffda4e3a32cd7a52Kepler-62e,kepler-62e,18
890,0aa0e77a272c3ce712ed1accf2828c7dKepler-296e,kepler-296e,16
891,7654d8b3df7a8f34cfb0cb3b9be77d8655_Cancri_Bc,55_cancri_bc,0
892,7654d8b3df7a8f34cfb0cb3b9be77d8655_Cancri_Bc,55_cancri_bc,0
893,533b63070ee194c174c95cda13798ec9Kepler-283c,kepler-283c,15
894,8e59c5aabcc7ea960df66beaae1949c8Kepler-186f,kepler-186f,13
895,3b79815fce8b882a493f9545d1c22feeHIP_38594_b,hip_38594_b,6
896,50341d8b76dae9794054a485f4cc7601Kepler-62e,kepler-62e,18
897,9a4926b7ef18d84e8c7c0f24b6a91555K2-332b,k2-332b,9
898,80eb2794364eef163b69539f201f9dfbKepler-155c,kepler-155c,11
899,1ef27c5a95bb6667e9199304eb101c74HD_216520_c,hd_216520_c,5
900,14525493c5ed63e7e3e840ca16015676Kepler-62e,kepler-62e,18
901,d3605ce89f49df8ac071f41ff0a68888Kepler-155c,kepler-155c,11
902,80eb2794364eef163b69539f201f9dfbKepler-155c,kepler-155c,11
903,dc326638a15c52bcf7e925b6a18ada1e55_Cancri_Bc,55_cancri_bc,0
904,9d2e420e6598159db1afa46c6a37ffb6HIP_38594_b,hip_38594_b,6
905,2537035ee0177f7c9dbd0f98f72e1e59K2-288Bb,k2-288bb,8
906,4bcf0a4ff8a34592524d7df9dc21d960HD_216520_c,hd_216520_c,5
907,80b5608668533a1cd6818bc1a593720cHD_20794_d,hd_20794_d,4
908,2e8f6781d0c908e4388466fe8d43ef27Gliese_12_b,gliese_12_b,2
909,24cbf209cf8e9516d589f954abcaa986K2-288Bb,k2-288bb,8
910,3a8030d5078acdc77d5c5ffafd718387Kepler-186f,kepler-186f,13
911,2b71a1e9daf5e2d9e14456fe048d7945Gliese_163_c,gliese_163_c,3
912,c630381fb194c143ba71fe07efaa418dKepler-296f,kepler-296f,17
913,80f811d5285741e539d1a829f3b55473K2-155d,k2-155d,7
914,fcf91b245815d63e40193e6c35c975daGliese_163_c,gliese_163_c,3
915,92b3e14e84ce98df550c84f55305d35d55_Cancri_Bc,55_cancri_bc,0
916,2d33656903f47ccdd0381f569e2bcd64K2-155d,k2-155d,7
917,10ce0a30112a2db55536d11e87a00f86Gliese_,gliese,1
918,0fd6d1a7c1e918517c99e807a2476907K2-288Bb,k2-288bb,8
919,38ac1f6768a431fe29b014bb0109f153Kepler-62f,kepler-62f,19
920,941e48dd5a9e77fa073f856080255034Gliese_,gliese,1
921,e5899f390b304b3acfafd4164ceb2b66K2-288Bb,k2-288bb,8
922,3f25a8a319cb0fa2593f1694b2530be3Kepler-155c,kepler-155c,11
923,154de3722e9e97ae4d7cd0ecc3c5cca755_Cancri_Bc,55_cancri_bc,0
924,567e0f6b60e87f8ddef1637942d9d6acKepler-283c,kepler-283c,15
925,08a466639a9630f4d1513c1cdd90d230Gliese_12_b,gliese_12_b,2
926,b4c330a8e670df4fa58c97eb65018b7aKepler-22b,kepler-22b,14
927,726e4368ab2f049268c59a4219288942Gliese_12_b,gliese_12_b,2
928,e5899f390b304b3acfafd4164ceb2b66K2-288Bb,k2-288bb,8
929,db049c94bb08630300040d44b0d1cc73Kepler-296e,kepler-296e,16
930,2761525d89e3247aefd921b1cb16df01Kepler-62f,kepler-62f,19
931,1995b85ff4852198525f3bddcb5fd2ddKepler-296e,kepler-296e,16
932,be33616f2cc5ee43d885a6114491bceeGliese_163_c,gliese_163_c,3
933,f54be911f507e019c2ad4594ab4116e1Kepler-296e,kepler-296e,16
934,0b94cffe847564c825a6a6e10b3b97a3K2-288Bb,k2-288bb,8
935,a695e25c31237006baf592b1a6b0ac95HD_20794_d,hd_20794_d,4
936,3ece9bc17d0ae83e1a071db0b7c33456Kepler-174d,kepler-174d,12
937,30d6884a86128f936f3b7c9c8e4164beK2-72e,k2-72e,10
938,fd665708036a8c2185bb01b02f485674HD_20794_d,hd_20794_d,4
939,c6ac508c337aa44ee0cc6c773caaed43K2-72e,k2-72e,10
940,35feffb885174b6ddb0927d1388139ccKepler-296f,kepler-296f,17
941,301dbaa673ca3c80d910aac510117449K2-72e,k2-72e,10
942,c694093606544680d8c6d808dff146e4HD_216520_c,hd_216520_c,5
943,3701be07fb46e2b686ef3ef8e19ec77aKepler-62f,kepler-62f,19
944,d5c6de1706aaac8cb86c1981567c4db0Kepler-155c,kepler-155c,11
945,ef703cd715afd53558ccb64f17f997f9K2-332b,k2-332b,9
946,ff30daf3af2814781426e44f394b6a4bKepler-296f,kepler-296f,17
947,41fde841bf67ddd20fa92e53902998d5Kepler-155c,kepler-155c,11
948,8fb3077444bc1b6765ebc0002ca68190K2-288Bb,k2-288bb,8
949,ff30daf3af2814781426e44f394b6a4bKepler-296f,kepler-296f,17
950,8ae6d65a627d250a790b7d1852617477Gliese_,gliese,1
951,c56608625c9b7304c5e26c64142acb16K2-155d,k2-155d,7
952,2c1f5540772f40378be99c8edb8f507cKepler-155c,kepler-155c,11
953,dd9e5d478f1f7db025bba6f54acb9544Kepler-296e,kepler-296e,16
954,034fc2194d806eeaabefec57e1f3ffe3Kepler-155c,kepler-155c,11
955,cbd7d94d797176f44678448889671895Kepler-174d,kepler-174d,12
956,96be0df735fc03b53dad7cc4b60cf5c5Gliese_163_c,gliese_163_c,3
957,38464da8597beaa32ecf67524c7e5508Gliese_,gliese,1
958,9bab709c33274b43a08645061dfda6afKepler-22b,kepler-22b,14
959,231d159ddb7c14e6d76e065eabe342ddKepler-296f,kepler-296f,17
960,775ac9970acabf4aeab4b447106112a5K2-288Bb,k2-288bb,8
961,17787d7cff7ade65a42c4fb53a819669HD_216520_c,hd_216520_c,5
962,0eea0e6fece2446d58d7715262b8b3b8Kepler-62f,kepler-62f,19
963,bfaa1d0572363bb9678441a71f25382eKepler-62e,kepler-62e,18
964,dc47d96f9371d40e0c9eec2abcf0017dGliese_163_c,gliese_163_c,3
965,9261b7232a5627f838bfd5a90f9a6101Kepler-296e,kepler-296e,16
966,e12e598202c27c1e2ffbd0512b5564abHD_20794_d,hd_20794_d,4
967,f96099bc1bda3704fd3cbe5b06691721K2-288Bb,k2-288bb,8
968,3ece9bc17d0ae83e1a071db0b7c33456Kepler-174d,kepler-174d,12
969,3a8030d5078acdc77d5c5ffafd718387Kepler-186f,kepler-186f,13
970,205e15b2393ede87686468c95fba1348Kepler-62f,kepler-62f,19
971,d5c6de1706aaac8cb86c1981567c4db0Kepler-155c,kepler-155c,11
972,2200d5b091f0b6e917392a78d7f4713aKepler-186f,kepler-186f,13
973,3bbfd33fbb5d3b60a62670e2589b433eKepler-174d,kepler-174d,12
974,1ef27c5a95bb6667e9199304eb101c74HD_216520_c,hd_216520_c,5
975,93adcfd75298e1cf6592338aaed0a95cKepler-283c,kepler-283c,15
976,9dc8e5bc240027fd2d88972ee1ac48f1Gliese_12_b,gliese_12_b,2
977,f5557511335965a60a4c990d7c2d82baK2-72e,k2-72e,10
978,30e4b9db1249aebd91dcdf9bdd38758dHD_216520_c,hd_216520_c,5
979,d67a84e9ae3d67e43c173e70eca19a03Kepler-155c,kepler-155c,11
980,ad227a85afdd5e323220b5209e6c098055_Cancri_Bc,55_cancri_bc,0
981,73ca4f20460d087623f93e0b6730e32dKepler-62f,kepler-62f,19
982,c94b76d8467dba2837d9ccc4e8811066K2-155d,k2-155d,7
983,7f86984e0c17a9f7864c9a7e566d8c17Kepler-155c,kepler-155c,11
984,5c063152a34265ffd9c01cd30521b917HD_20794_d,hd_20794_d,4
985,01111ee2175031d5e8309cb24a23c452Kepler-283c,kepler-283c,15
986,d3090e4eb8b65c2db312ae1af8d156a8Gliese_,gliese,1
987,f96099bc1bda3704fd3cbe5b06691721K2-288Bb,k2-288bb,8
988,585fb0257f1d932742c71a865c495e17Gliese_12_b,gliese_12_b,2
989,d1f7d396f2c288e7455d1ce5634fdb9cK2-72e,k2-72e,10
990,c2a71429809e1e37d28967011f92772fK2-155d,k2-155d,7
991,7f122dfed4c5001cf406598207e61d7cKepler-62f,kepler-62f,19
992,a728b2627aa6b9f4dd9285d53b147e33HD_216520_c,hd_216520_c,5
993,33b43e637c2973c5abdb7516b05faf7cKepler-155c,kepler-155c,11
994,c3de8c9150036ca77e7f4acb3d1173beK2-155d,k2-155d,7
995,f2fcc51092f607f1e09ac58361d12817Kepler-174d,kepler-174d,12
996,d9044873799aaba8bb37619fbefd4da2Kepler-155c,kepler-155c,11
997,f1cc8540187f1eff69c85b96e6add979Kepler-22b,kepler-22b,14
998,2cde5e22e43952daf819465669827cc7K2-155d,k2-155d,7
999,6c6754385841ea431a68d2ba4a76a40aK2-332b,k2-332b,9
1000,98c39bf5b199eec80c31aed9c5d74670K2-288Bb,k2-288bb,8
1001,927f07673ea784b91608b24a34fca1b6Kepler-296e,kepler-296e,16
1002,bbe1df6ae6ad73b4ed2c8a408e8aa4f1Kepler-186f,kepler-186f,13
1003,c6d60049463a0120ce74c152d3506267HD_216520_c,hd_216520_c,5
1004,592b320e4c49aea2d8b5260778f394f6Gliese_12_b,gliese_12_b,2
1005,c90f58bf252f99ea7958643f5f988629Kepler-62f,kepler-62f,19
1006,1d014d2efdd4f63fb2fce0b175defd0c55_Cancri_Bc,55_cancri_bc,0
1007,d9044873799aaba8bb37619fbefd4da2Kepler-155c,kepler-155c,11
1008,8c90131bf715dd850e774ca06e511682Kepler-283c,kepler-283c,15
1009,09d3a8db3d78a75dc11e58c8303c7649K2-288Bb,k2-288bb,8
1010,0887ce5e629dceea270230beca7c6373Kepler-62e,kepler-62e,18
1011,30f3b653c0b3a9d8d0c792effa1496ebK2-72e,k2-72e,10
1012,99ef81b700895175387e236e90f43180Kepler-296f,kepler-296f,17
1013,89858af590772f62e7b729f6dd558e95K2-332b,k2-332b,9
1014,92928e6eaf6c13ad859b9bd45997570eKepler-155c,kepler-155c,11
1015,148934a5c185508f908c038f340c8584HD_216520_c,hd_216520_c,5
1016,8f76131e8be7b227dbfc600dd5dc46aeKepler-62e,kepler-62e,18
1017,60808fc4983722fc897bdbdf63dd7bc7Gliese_12_b,gliese_12_b,2
1018,0aa0e77a272c3ce712ed1accf2828c7dKepler-296e,kepler-296e,16
1019,7125a188f431534c10955cfe2e5a177aK2-332b,k2-332b,9
1020,72a495c18bfe6f2990573fc3574afa5cGliese_12_b,gliese_12_b,2
1021,96be0df735fc03b53dad7cc4b60cf5c5Gliese_163_c,gliese_163_c,3
1022,7adcae870fe96941a5134a4ecd3142d9Kepler-296f,kepler-296f,17
1023,9ea24c26ce1ccb053fd2f3d4ae9396ea55_Cancri_Bc,55_cancri_bc,0
1024,28f0f9c76d2829325c6fc7215dd41ac4Kepler-155c,kepler-155c,11
1025,4e8fab32d07e2cd4e9974fbc732c31fbKepler-62f,kepler-62f,19
1026,28cfdccfc2bf2e78287a53d6be34d12aGliese_163_c,gliese_163_c,3
1027,4485fe6e419531369db7c39d07e2a724Gliese_12_b,gliese_12_b,2
1028,3e4f9943f5adc9be687fa65ee5c33bd1Gliese_,gliese,1
1029,c5ba95a2b225d2a4a59ade0b6bfca6b555_Cancri_Bc,55_cancri_bc,0
1030,e5f8092f231902e0a85172aafbea01eaGliese_,gliese,1
1031,0256aa0ac353680c35899c806079337fGliese_163_c,gliese_163_c,3
1032,24179abcf35be750be71c4be78c0a87bKepler-186f,kepler-186f,13
1033,efec7e7ba3f0dd6a7ce6001b021e92b7Kepler-283c,kepler-283c,15
1034,cbd7d94d797176f44678448889671895Kepler-174d,kepler-174d,12
1035,5e10a84dd85aa6c738fdc186f042962cKepler-62f,kepler-62f,19
1036,19cbb5a4c5d8a41ad85471e8c93f3c43K2-155d,k2-155d,7
1037,d7ba935adca7e5e7f67944fda200b822Kepler-155c,kepler-155c,11
1038,9114490d39586d5a90f389bb082b5252Gliese_12_b,gliese_12_b,2
1039,ca8519faf7a05ab3d5063e33b8771593HIP_38594_b,hip_38594_b,6
1040,c4b23133863bfb88a7fb42f4c160b5b5Kepler-22b,kepler-22b,14
1041,dd1f3b7de983cc81a2d00825dc33c67bKepler-174d,kepler-174d,12
1042,aafacc524b0142c8cd957efc22e04c3cK2-288Bb,k2-288bb,8
1043,2a2954e35a2c6377425bcbecad2adda6HD_216520_c,hd_216520_c,5
1044,c6d60049463a0120ce74c152d3506267HD_216520_c,hd_216520_c,5
1045,8b6fd9b17858e9649c688d8c65418a9eK2-332b,k2-332b,9
1046,c15b494e7422378f7b7681c9e6a0344fGliese_163_c,gliese_163_c,3
1047,03036fb9fad349725a9d0dd913b85215Kepler-174d,kepler-174d,12
1048,5e10a84dd85aa6c738fdc186f042962cKepler-62f,kepler-62f,19
1049,cf0a37e0bf15681b08b7831263445e3fKepler-155c,kepler-155c,11
1050,50c2a2d3a347fe69f644fd59d1e5c4aaHIP_38594_b,hip_38594_b,6
1051,bbd276c23374c0cfef5be466892f64a5Kepler-22b,kepler-22b,14
1052,26c11d731ea38aaddbc2ec6bd462a175Kepler-62e,kepler-62e,18
1053,4b5654bad25d055fe3ad34da52e0190fKepler-62e,kepler-62e,18
1054,d3bc2ff5a7644367f1761d8f899bd5fd55_Cancri_Bc,55_cancri_bc,0
1055,d024f5c12cad707022aec0137edd5d1cHIP_38594_b,hip_38594_b,6
1056,d9feb75c9a1fcf781e7837500db76868HIP_38594_b,hip_38594_b,6
1057,16d2a4d4ff1d33f28b30392080fa8f3d55_Cancri_Bc,55_cancri_bc,0
1058,9a0a387ac17cf159ab21329356e345c5Kepler-283c,kepler-283c,15
1059,23f6952bd0ce09b735c5bffe2c8bb90cKepler-283c,kepler-283c,15
1060,77b81c8a435f6ab91b56d0d40126411eK2-155d,k2-155d,7
1061,069de9ad181556b73913f5f21da42151K2-72e,k2-72e,10
1062,3d3676316db11a9166857e9ea936acfe55_Cancri_Bc,55_cancri_bc,0
1063,8874da051ea79426687c84577d7d2708Kepler-296e,kepler-296e,16
1064,5116c1dd3c191293af5705156ecd338aHD_20794_d,hd_20794_d,4
1065,1c19e5c68be52ff5294051944ec27c2cHIP_38594_b,hip_38594_b,6
1066,e88ddc4a3cf892096ef18c5dbf28f359Gliese_,gliese,1
1067,43b5c29b148b2998863991b6688cd51dKepler-186f,kepler-186f,13
1068,a703e5adff2125bb765b43b8c9450bb2Kepler-174d,kepler-174d,12
1069,e82ee4e44c6cd725a628ec4b7492b549Kepler-174d,kepler-174d,12
1070,c4eac3dd07bb1db7740047349914cf48HD_20794_d,hd_20794_d,4
1071,f96099bc1bda3704fd3cbe5b06691721K2-288Bb,k2-288bb,8
1072,3ea59e0c0ad10ab7322d2140bdf44e1aKepler-62f,kepler-62f,19
1073,3e54aa94e64c386c8259ce1b70699cc5K2-72e,k2-72e,10
1074,65ceeaf68ee58b21d35c4066bf9ee135Gliese_,gliese,1
1075,6a6831e9e81aa0f98f1286add3d85ef6Kepler-22b,kepler-22b,14
1076,c4b23133863bfb88a7fb42f4c160b5b5Kepler-22b,kepler-22b,14
1077,90f36e7753fc5a0b9596a2a54fec9c10Kepler-22b,kepler-22b,14
1078,66abb376d494bbcc2e5b1b2b4035c0daHD_216520_c,hd_216520_c,5
1079,47ce22a23b987d4bd322751889841f6aKepler-186f,kepler-186f,13
1080,8347d291d878815149b777ee74a316aeKepler-174d,kepler-174d,12
1081,9fbaca3a7e54c64bab3b112f6bbc8fcfKepler-186f,kepler-186f,13
1082,7aa3b4fc175adafab05f644934ce1d08Kepler-62f,kepler-62f,19
1083,79ca7e10cb0dc58ec8c0457fdd2fabe6K2-72e,k2-72e,10
1084,818ea7a5ef619599bca2c004a0823dc955_Cancri_Bc,55_cancri_bc,0
1085,a92f79ef769bb0672bed66c0a943fd79Kepler-186f,kepler-186f,13
1086,ff7454152c93f866b417b7793ce42807K2-288Bb,k2-288bb,8
1087,63285c29a66afa1b8e34ae5672d0ffb4HD_216520_c,hd_216520_c,5
1088,4e7a467fc73628559546ed05ce054dfeK2-72e,k2-72e,10
1089,bdefbbd79a1dbf127ec396756e49222dKepler-296e,kepler-296e,16
1090,8b3609393703e3987a04573c15de38c3K2-332b,k2-332b,9
1091,721567715f668c6eadd0192b85a77875Kepler-62f,kepler-62f,19
1092,e60876bceb4b0b442abb52524ab8261cK2-72e,k2-72e,10
1093,aafacc524b0142c8cd957efc22e04c3cK2-288Bb,k2-288bb,8
1094,17d4accb725c5e83ac4c2febba3f5dc1K2-288Bb,k2-288bb,8
1095,fcf91b245815d63e40193e6c35c975daGliese_163_c,gliese_163_c,3
1096,782841b780a00d3b71acda20dd41d6bdK2-155d,k2-155d,7
1097,7e6cb582acbfae053591b4a11822e1b5K2-72e,k2-72e,10
1098,fa8c63b9a57eb27adb5ce88d1c892937Gliese_12_b,gliese_12_b,2
1099,dd9e5d478f1f7db025bba6f54acb9544Kepler-296e,kepler-296e,16
1100,7f122dfed4c5001cf406598207e61d7cKepler-62f,kepler-62f,19
1101,8d77a41740b3509cb489e080d11f5f1dK2-288Bb,k2-288bb,8
1102,23caf02b68c8b3c91c5a761389c9d5fbKepler-22b,kepler-22b,14
1103,67f783cb2bcc76e6ba09fe30224a84ccHD_20794_d,hd_20794_d,4
1104,67f783cb2bcc76e6ba09fe30224a84ccHD_20794_d,hd_20794_d,4
1105,1392218e1e2e32fd9eefa953c522a0beGliese_163_c,gliese_163_c,3
1106,ad227a85afdd5e323220b5209e6c098055_Cancri_Bc,55_cancri_bc,0
1107,376aa19d81cc813920b68c0a578c7e8aKepler-62e,kepler-62e,18
1108,ceb3bf2f4cc84d53859a47ab73f71a69K2-155d,k2-155d,7
1109,58f430d73efaf692f50e6ff4401a339aK2-72e,k2-72e,10
1110,2d3d78f4b8b35acce968bc3bc71c75f6Kepler-296f,kepler-296f,17
1111,d5490ac56acdc691c4107c30137f8cd4Kepler-186f,kepler-186f,13
1112,5d938326ebab4f7be080f58287e7ee33Kepler-296f,kepler-296f,17
1113,990fafb78111faaade41505f6a83c7b0Kepler-283c,kepler-283c,15
1114,90f36e7753fc5a0b9596a2a54fec9c10Kepler-22b,kepler-22b,14
1115,f1bb0db60c8d01a535bafde3d1bbb3dd55_Cancri_Bc,55_cancri_bc,0
1116,1b4ff7df54a4fdcb257e26b9e7836b19HD_216520_c,hd_216520_c,5
1117,ff7c87f7451ae9d7c893809bfe2f3629K2-332b,k2-332b,9
1118,9114490d39586d5a90f389bb082b5252Gliese_12_b,gliese_12_b,2
1119,b2c034f528ffe7f8d0839fa0c966ef1955_Cancri_Bc,55_cancri_bc,0
1120,60808fc4983722fc897bdbdf63dd7bc7Gliese_12_b,gliese_12_b,2
1121,2c75bc9f563955b7610f495f7dae7869Kepler-155c,kepler-155c,11
1122,3baf5cf7859933cdbb97b6094bd6e383Kepler-22b,kepler-22b,14
1123,b42502b5306a04c9f82a1e10c2426616K2-288Bb,k2-288bb,8
1124,fa8c63b9a57eb27adb5ce88d1c892937Gliese_12_b,gliese_12_b,2
1125,bff3ff3cc9af68edadeb612618b83c2fKepler-62f,kepler-62f,19
1126,47ce22a23b987d4bd322751889841f6aKepler-186f,kepler-186f,13
1127,47ce22a23b987d4bd322751889841f6aKepler-186f,kepler-186f,13
1128,818ea7a5ef619599bca2c004a0823dc955_Cancri_Bc,55_cancri_bc,0
1129,6ae856b299c8a0386cbfa856509cbeb4Kepler-174d,kepler-174d,12
1130,c6d60049463a0120ce74c152d3506267HD_216520_c,hd_216520_c,5
1131,14525493c5ed63e7e3e840ca16015676Kepler-62e,kepler-62e,18
1132,47f0d69bbc05038b250041286829315f55_Cancri_Bc,55_cancri_bc,0
1133,3f98928f8f7565a919d01748e7e919b3HIP_38594_b,hip_38594_b,6
1134,b100b3c5a58d2025d4d3fa3d98a1239eKepler-296f,kepler-296f,17
1135,990fafb78111faaade41505f6a83c7b0Kepler-283c,kepler-283c,15
1136,2537035ee0177f7c9dbd0f98f72e1e59K2-288Bb,k2-288bb,8
1137,0d784302275dc0a7867441679b738e8155_Cancri_Bc,55_cancri_bc,0
1138,d22c9937d5d1fa237bc92d2c5fab4964HD_20794_d,hd_20794_d,4
1139,0d784302275dc0a7867441679b738e8155_Cancri_Bc,55_cancri_bc,0
1140,6f3d59d581779bb3a8d0d8ec8f9e9087Kepler-155c,kepler-155c,11
1141,d5c762eff9e46d27e20e0a6d364cffd3Kepler-22b,kepler-22b,14
1142,3f98928f8f7565a919d01748e7e919b3HIP_38594_b,hip_38594_b,6
1143,0e61f96657c6cd51e6b9d31149489fcbHD_216520_c,hd_216520_c,5
1144,69e40900ce5e50e49d1d824270443916K2-72e,k2-72e,10
1145,93ea9a7d85c7789a772e224f216f7913Kepler-62f,kepler-62f,19
1146,bd2ac4b770549475b5c0b51e7a3f9d09Gliese_12_b,gliese_12_b,2
1147,fcef4fe4c0223af13095d81b0517d3c5Kepler-296f,kepler-296f,17
1148,e5f8092f231902e0a85172aafbea01eaGliese_,gliese,1
1149,a498b76131eb44d702a3a10f06a61f10Gliese_163_c,gliese_163_c,3
1150,c8a247d5c4d7983dda50b3048876cb42K2-332b,k2-332b,9
1151,d3019769ae03e0f4fbdb172d7dace91fKepler-296f,kepler-296f,17
1152,6f955584b87b9009ae101381bc6dedfeGliese_,gliese,1
1153,598eb239cdf730a94c2c24dccf975b34HIP_38594_b,hip_38594_b,6
1154,3cff41255a0e0753efb5e55380ee3565Gliese_,gliese,1
1155,3cff41255a0e0753efb5e55380ee3565Gliese_,gliese,1
1156,7da56e568d68beba2ef4ac841c3b02c355_Cancri_Bc,55_cancri_bc,0
1157,50635d99246ea9b89e12a4f1b8f8e90bK2-332b,k2-332b,9
1158,274f7c3f11c5081562e19b382c689924Gliese_163_c,gliese_163_c,3
1159,e10b8a77fbf009530e67b97f53d7cd50Kepler-186f,kepler-186f,13
1160,f315c411cdb2a90e650ff82b249155e6K2-288Bb,k2-288bb,8
1161,4d6437b7303e3ef289f9d8bb40cb1429HD_216520_c,hd_216520_c,5
1162,843075a11969f82e807fc4cbfbb5de9aGliese_163_c,gliese_163_c,3
1163,21f67cd92a818e81a109f3d1692e51f4Kepler-62e,kepler-62e,18
1164,3e89c398298f1f15ad6b9f0c91278257Kepler-296e,kepler-296e,16
1165,affcb27e2f76f30bba36f05f1d256e9dK2-155d,k2-155d,7
1166,a18db004f7913b5e239dde639ea6cf2855_Cancri_Bc,55_cancri_bc,0
1167,08337d44df913ac71f81365d835e0f8aKepler-62f,kepler-62f,19
1168,b174bb608fc9702aa58aeaa537ec1181Gliese_12_b,gliese_12_b,2
1169,698d647b92dd2870fa52a9500e7803c7Kepler-62e,kepler-62e,18
1170,cca56228bef723d68265e5d76b264452Kepler-283c,kepler-283c,15
1171,a728b2627aa6b9f4dd9285d53b147e33HD_216520_c,hd_216520_c,5
1172,8792fbfa8456c295a6d9c9225bb8802fKepler-62e,kepler-62e,18
1173,90532b7679f586907721477cc1cb37a3Kepler-283c,kepler-283c,15
1174,9f0d390c40b6b5f6735ccc0fcf715effKepler-174d,kepler-174d,12
1175,590ba8b02b699fcaef6fcf39a78f57cdKepler-296f,kepler-296f,17
1176,de379b057e6e882b65399fe358809ca4Gliese_163_c,gliese_163_c,3
1177,2a22081a63af4ab99f7b56e53da5a12cHD_20794_d,hd_20794_d,4
1178,2a22081a63af4ab99f7b56e53da5a12cHD_20794_d,hd_20794_d,4
1179,1bb2a60fbef879ca187ba4772ddf3436K2-332b,k2-332b,9
1180,e3f49abc7931e2a84fa679c5bc1a80fbHD_216520_c,hd_216520_c,5
1181,cb11c3a91d5bd74ab4fea2b53b195e01Kepler-22b,kepler-22b,14
1182,eb70a8579198066926f18506cff57149Kepler-22b,kepler-22b,14
1183,1360154abd47cc6565a2d5fb03f88ef1HIP_38594_b,hip_38594_b,6
1184,45eeec79c1c27c022f996d7ba36fbe19Kepler-155c,kepler-155c,11
1185,442d8974caa34fdb49c98c6ec4d532f6Gliese_163_c,gliese_163_c,3
1186,928048a0908eb0ce2a298d9e2252d876Gliese_12_b,gliese_12_b,2
1187,c77560236a73060ea9ae267e7c85fa52Kepler-283c,kepler-283c,15
1188,30e4b9db1249aebd91dcdf9bdd38758dHD_216520_c,hd_216520_c,5
1189,30e4b9db1249aebd91dcdf9bdd38758dHD_216520_c,hd_216520_c,5
1190,76960fc0cf89b3508fecb69a9b41cf17Gliese_,gliese,1
1191,94b0d07f45deaabda48646f56302e496Kepler-296e,kepler-296e,16
1192,b9f81b88b07a0ec10fc5aa444d98c53aHD_20794_d,hd_20794_d,4
1193,863c2582da91bfb6e4c0b2d2e7341aceK2-72e,k2-72e,10
1194,ba60b41c535521411f70cba51d1fbd67Gliese_163_c,gliese_163_c,3
1195,0e61f96657c6cd51e6b9d31149489fcbHD_216520_c,hd_216520_c,5
1196,983cd031bdfbba5e073d952d07719560K2-288Bb,k2-288bb,8
1197,6118af15090957c5b9a7e20f7c02e224Gliese_12_b,gliese_12_b,2
1198,d7f5e7f061695ef24a97faffd55c6f10K2-288Bb,k2-288bb,8
1199,dd232e0197d04f57c7e27e4db519a960K2-155d,k2-155d,7
